,pll
id_0,1.9402735
id_1,-3.3542278
id_2,0.9321408
id_3,0.27739763
id_4,-0.07979202
id_5,-1.5467823
id_6,0.06121826
id_7,-0.5051763
id_8,1.6777856
id_9,-1.4933879
id_10,0.65543437
id_11,0.55395913
id_12,2.2821517
id_13,-0.45749927
id_14,1.1896436
id_15,0.7534692
id_16,0.9956238
id_17,-3.4263666
id_18,-2.3640993
id_19,1.061632
id_20,-4.4429293
id_21,-0.43008876
id_22,-0.8222914
id_23,-0.83658004
id_24,-2.372422
id_25,-1.2664707
id_26,-1.3910363
id_27,-2.3723533
id_28,-0.63563704
id_29,-0.9941251
id_30,-0.06884265
id_31,0.14974523
id_32,0.22291064
id_33,-0.16522813
id_34,0.023703098
id_35,-3.2389967
id_36,-0.9628327
id_37,-2.8982809
id_38,-1.4081184
id_39,-6.4917693
id_40,-6.5618577
id_41,-7.2755456
id_42,-4.439474
id_43,-1.4684688
id_44,0.80659866
id_45,-5.605312
id_46,-7.080109
id_47,-2.0673876
id_48,0.92361784
id_49,-6.134938
id_50,-5.625295
id_51,-6.4801354
id_52,-3.895802
id_53,-5.832923
id_54,-3.2131476
id_55,-3.7477593
id_56,-4.8168473
id_57,-1.3606822
id_58,-4.007045
id_59,-2.5039907
id_60,-4.116432
id_61,-2.8163433
id_62,-3.4765344
id_63,-1.8057199
id_64,-1.8012369
id_65,-2.9459076
id_66,-1.566853
id_67,-2.3715963
id_68,-0.24333811
id_69,-5.405791
id_70,-1.6815774
id_71,0.8432617
id_72,-1.8652976
id_73,-5.178303
id_74,-2.207282
id_75,-4.2660656
id_76,2.0359995
id_77,-4.188671
id_78,0.91735077
id_79,-1.2395906
id_80,-2.7871675
id_81,-1.1885986
id_82,-0.79227996
id_83,0.21732807
id_84,-2.0178986
id_85,-0.4233396
id_86,-0.14348912
id_87,1.5093217
id_88,-2.4988613
id_89,0.5433924
id_90,-0.36707377
id_91,0.67820716
id_92,-4.1281404
id_93,-0.8234339
id_94,-2.702361
id_95,-3.071512
id_96,-3.3286235
id_97,-3.8398607
id_98,-3.5891917
id_99,0.29898453
id_100,2.0159287
id_101,-1.6427691
id_102,-1.8122332
id_103,-1.0257194
id_104,2.3797178
id_105,-3.699054
id_106,-1.9503095
id_107,-5.2771807
id_108,-1.970011
id_109,-0.35709953
id_110,-1.200001
id_111,-0.85854506
id_112,0.61712456
id_113,-0.038290977
id_114,0.1735127
id_115,-3.951279
id_116,-3.1110628
id_117,-2.665269
id_118,-3.167785
id_119,-1.1608326
id_120,-3.8897846
id_121,-5.061455
id_122,-3.2565043
id_123,-1.670654
id_124,-4.2137165
id_125,-2.6670666
id_126,-6.5051928
id_127,-2.2160046
id_128,-4.697263
id_129,-2.4466474
id_130,-5.843549
id_131,-0.9932499
id_132,-4.1644897
id_133,1.8621804
id_134,-3.4543414
id_135,1.0509973
id_136,-0.35062313
id_137,-2.6140795
id_138,-0.7135072
id_139,0.39552784
id_140,1.9649216
id_141,-1.5011101
id_142,-0.0858469
id_143,0.8458824
id_144,2.3424635
id_145,-4.1047916
id_146,1.2241011
id_147,1.8303523
id_148,1.0223951
id_149,-3.4080558
id_150,-0.62811565
id_151,-2.1807904
id_152,1.0681593
id_153,-3.7182002
id_154,-0.812382
id_155,-1.3462543
id_156,-0.6186054
id_157,-2.7246966
id_158,-1.4417806
id_159,-1.0464718
id_160,1.3104568
id_161,-2.497582
id_162,-0.6576338
id_163,-0.5968368
id_164,-2.3601966
id_165,0.1855135
id_166,1.5605657
id_167,-0.30147386
id_168,-3.6442533
id_169,-1.2132673
id_170,-2.8900313
id_171,-0.79340863
id_172,-4.8624487
id_173,-7.780544
id_174,-7.5423036
id_175,-4.6556106
id_176,-2.0990648
id_177,-0.50233984
id_178,-5.346187
id_179,-7.170633
id_180,-2.9253783
id_181,-5.681103
id_182,-5.710882
id_183,-6.570991
id_184,-1.7752632
id_185,-5.7160597
id_186,-1.8661679
id_187,-4.1192493
id_188,-0.99231946
id_189,-3.9911528
id_190,-1.4235771
id_191,-5.4002886
id_192,-2.3912342
id_193,-1.0577643
id_194,-4.3814936
id_195,-4.1621704
id_196,-2.3596392
id_197,-2.4268374
id_198,-4.4691887
id_199,-3.078384
id_200,-1.0870187
id_201,-1.6039343
id_202,-3.8170366
id_203,-1.4461815
id_204,-3.3734093
id_205,-3.0177765
id_206,-7.8274865
id_207,-3.5764356
id_208,-5.0365906
id_209,-4.9812784
id_210,-7.2765427
id_211,-7.221061
id_212,-1.0674567
id_213,-4.758217
id_214,-3.4989662
id_215,-6.7540107
id_216,-8.498453
id_217,-4.0788717
id_218,-1.9971776
id_219,-7.0394764
id_220,-6.7483
id_221,-7.961426
id_222,-4.3752947
id_223,-7.7633753
id_224,-4.3087745
id_225,-6.61201
id_226,-2.0348709
id_227,-6.45499
id_228,-6.845197
id_229,-6.5613165
id_230,-7.7099648
id_231,-8.952556
id_232,-7.7468743
id_233,-8.141164
id_234,-6.8289614
id_235,-4.5768924
id_236,-3.4544332
id_237,-8.18099
id_238,-6.1915894
id_239,-7.142726
id_240,-5.061826
id_241,-7.587785
id_242,-6.212683
id_243,-5.8027897
id_244,-7.501322
id_245,-6.0932174
id_246,-7.112566
id_247,-3.1186736
id_248,-6.421941
id_249,-8.59673
id_250,-8.846316
id_251,-6.4620514
id_252,-2.5053556
id_253,0.79272556
id_254,-6.2740173
id_255,-9.02152
id_256,-3.4287293
id_257,0.23420477
id_258,-6.8240414
id_259,-7.3191566
id_260,-8.444175
id_261,-4.7158337
id_262,-7.261668
id_263,-3.6477807
id_264,-5.7540445
id_265,-4.8446484
id_266,-5.3025637
id_267,-11.086958
id_268,-9.803074
id_269,-8.609419
id_270,-12.206048
id_271,-12.641303
id_272,-10.747184
id_273,-11.609939
id_274,-13.029728
id_275,-12.061419
id_276,-9.434118
id_277,-11.010279
id_278,-9.990867
id_279,-6.284486
id_280,-8.909861
id_281,-8.855332
id_282,-11.856744
id_283,-9.726013
id_284,-11.929222
id_285,0.29203796
id_286,-3.797729
id_287,-5.279216
id_288,-7.2006235
id_289,-3.034906
id_290,2.38028
id_291,2.6891923
id_292,-4.664793
id_293,-8.256647
id_294,0.6957817
id_295,2.3893785
id_296,-6.3307114
id_297,-5.654587
id_298,-6.464879
id_299,-3.3305612
id_300,-6.0595913
id_301,-2.2602215
id_302,-1.2453866
id_303,3.1824455
id_304,0.10756016
id_305,-1.5601172
id_306,-5.864591
id_307,-8.119719
id_308,-4.46412
id_309,0.0776639
id_310,-3.2060251
id_311,-8.47213
id_312,-1.4663482
id_313,0.15855932
id_314,-7.3511977
id_315,-4.720262
id_316,-7.8018794
id_317,-2.1955209
id_318,-6.05623
id_319,-2.043017
id_320,-3.3102136
id_321,1.3807017
id_322,-0.7812319
id_323,-0.8295233
id_324,-7.6980243
id_325,-1.3365748
id_326,-4.27615
id_327,-3.852754
id_328,-2.759614
id_329,-4.2835536
id_330,-5.521944
id_331,-2.6724584
id_332,-1.8248096
id_333,-3.353602
id_334,-1.7639053
id_335,-8.512131
id_336,-1.6500335
id_337,-4.9041786
id_338,-2.6508842
id_339,-4.7997074
id_340,-1.2027824
id_341,-4.5126395
id_342,-2.8277123
id_343,-5.8262734
id_344,-3.9105124
id_345,-7.1712236
id_346,-6.078334
id_347,-2.404955
id_348,-0.6161199
id_349,-3.9153776
id_350,-7.165696
id_351,-1.527189
id_352,-6.583885
id_353,-2.7079754
id_354,-8.110535
id_355,-4.7817397
id_356,-5.2751436
id_357,-3.03338
id_358,-4.7515106
id_359,-1.4146676
id_360,-3.7070537
id_361,-5.385436
id_362,-8.767235
id_363,-3.3808556
id_364,-5.30577
id_365,-8.801293
id_366,-8.754175
id_367,-5.0404854
id_368,-7.291348
id_369,-8.527494
id_370,-7.7822957
id_371,-2.817964
id_372,-6.0088205
id_373,-6.4712133
id_374,-4.40156
id_375,-7.3292694
id_376,-6.129937
id_377,-8.477041
id_378,-7.6000834
id_379,-7.628627
id_380,-1.9919624
id_381,-6.2159815
id_382,-3.9694974
id_383,-4.621334
id_384,-3.664726
id_385,-3.6192434
id_386,-1.882678
id_387,-5.080557
id_388,-6.0816317
id_389,-2.515776
id_390,-4.909671
id_391,-3.8901126
id_392,-2.5389152
id_393,-3.2781508
id_394,-4.164424
id_395,-2.2393696
id_396,-5.3041296
id_397,-1.533454
id_398,-5.411187
id_399,0.27371407
id_400,-5.833905
id_401,0.077572346
id_402,0.4502325
id_403,-0.9935148
id_404,-4.005272
id_405,-2.9610865
id_406,-1.7610323
id_407,-0.74617696
id_408,-3.5658972
id_409,-2.553305
id_410,-0.61294484
id_411,-1.4748483
id_412,-0.35886884
id_413,-1.7700205
id_414,-0.19436145
id_415,-5.8716583
id_416,-1.6623857
id_417,-4.0989065
id_418,-3.2434998
id_419,-6.604294
id_420,-3.447094
id_421,-1.8588307
id_422,-2.5097775
id_423,-7.126257
id_424,-6.4873295
id_425,-3.9552546
id_426,-3.5144181
id_427,-7.2926445
id_428,-5.6144943
id_429,-1.6868482
id_430,-3.4264379
id_431,-5.5385265
id_432,-3.204444
id_433,-0.1518569
id_434,-8.306717
id_435,-6.665273
id_436,-6.2598896
id_437,-5.8334403
id_438,-10.027061
id_439,-4.9940233
id_440,-3.5133944
id_441,-8.695072
id_442,-10.413259
id_443,-6.353602
id_444,-6.14895
id_445,-7.348832
id_446,-6.9246287
id_447,-3.86947
id_448,-5.5051064
id_449,-8.0290365
id_450,-5.441475
id_451,-6.026327
id_452,-6.817353
id_453,-9.915281
id_454,-9.162104
id_455,-9.259478
id_456,-0.4857198
id_457,-5.538806
id_458,0.28483653
id_459,-1.1101986
id_460,-2.786416
id_461,-5.0776663
id_462,-3.9388075
id_463,-2.113011
id_464,-3.456975
id_465,-2.6950927
id_466,-1.4129821
id_467,-0.31325924
id_468,-5.6279497
id_469,-1.895878
id_470,-0.22688437
id_471,-1.3664099
id_472,-5.638074
id_473,-2.823103
id_474,-4.6310825
id_475,-0.95441675
id_476,-4.6535206
id_477,-1.2708347
id_478,-4.0077066
id_479,-3.1899898
id_480,-2.5763338
id_481,-2.3198636
id_482,-1.9866569
id_483,-1.321106
id_484,-0.4283893
id_485,-2.7975395
id_486,-0.63008475
id_487,-1.3993897
id_488,-1.298248
id_489,-1.0367105
id_490,0.3751123
id_491,-2.8750966
id_492,0.59027505
id_493,-2.5150144
id_494,-1.1523132
id_495,-5.6602077
id_496,-2.5091238
id_497,-3.2220368
id_498,-1.8357043
id_499,-2.9073572
id_500,-0.5017042
id_501,-1.6225545
id_502,-2.0504582
id_503,-2.9308586
id_504,-2.787527
id_505,-1.8787746
id_506,-4.5635996
id_507,-0.8692279
id_508,-0.6578028
id_509,-0.90253615
id_510,-4.1622305
id_511,-0.83823895
id_512,-3.4407787
id_513,0.20567036
id_514,-5.1685915
id_515,-0.8564105
id_516,-2.3201792
id_517,-0.29192972
id_518,-5.007416
id_519,-3.5231178
id_520,-2.3691149
id_521,-2.725784
id_522,-4.0464306
id_523,-3.7963521
id_524,-1.8828559
id_525,-0.77562046
id_526,-6.5202208
id_527,-2.341847
id_528,-0.8933835
id_529,-6.065734
id_530,-2.9340103
id_531,-4.329726
id_532,-1.2759552
id_533,-3.336247
id_534,-2.4313831
id_535,-2.0870929
id_536,-2.1972322
id_537,-0.5717473
id_538,0.66227233
id_539,-2.0998182
id_540,-2.354198
id_541,-0.07767868
id_542,-1.7151322
id_543,-1.5554748
id_544,-3.9161663
id_545,-0.8189316
id_546,-0.76859426
id_547,-1.899941
id_548,-1.377902
id_549,-0.66080904
id_550,-0.07823753
id_551,-4.5275745
id_552,-5.730664
id_553,-6.4589033
id_554,-6.097378
id_555,-4.8834534
id_556,-6.2953467
id_557,-8.225665
id_558,-2.3078327
id_559,-2.7417161
id_560,-6.5078683
id_561,-4.761302
id_562,-3.4178615
id_563,-3.7931614
id_564,-8.3902445
id_565,-5.024085
id_566,-6.7535925
id_567,-7.3171964
id_568,-7.7145643
id_569,-5.2944374
id_570,0.8118644
id_571,-4.667514
id_572,-1.8647022
id_573,-2.4958122
id_574,-0.99908566
id_575,-5.741748
id_576,-2.7924783
id_577,-4.546076
id_578,-3.883417
id_579,-4.722677
id_580,-3.241862
id_581,-3.2911432
id_582,-3.2111518
id_583,-0.9683926
id_584,-4.3332214
id_585,-1.9115345
id_586,-7.9350586
id_587,-2.8884857
id_588,-6.404784
id_589,-1.6176167
id_590,-5.8527226
id_591,2.4600039
id_592,-1.5514474
id_593,-3.9667702
id_594,-4.2519403
id_595,-1.5862837
id_596,-2.1618786
id_597,-4.480601
id_598,-3.4184508
id_599,0.1808672
id_600,-1.7219086
id_601,-5.7164216
id_602,-1.4831605
id_603,-3.3275185
id_604,-1.5328188
id_605,-5.7785363
id_606,-3.433888
id_607,-2.853673
id_608,-6.54714
id_609,-10.879574
id_610,-3.6130705
id_611,-8.585687
id_612,-10.249987
id_613,-8.644821
id_614,-8.230565
id_615,-6.9973354
id_616,-8.415093
id_617,-8.372812
id_618,-7.9373736
id_619,-5.830362
id_620,-12.731036
id_621,-8.289654
id_622,-9.147057
id_623,-7.8243527
id_624,-11.826714
id_625,-7.82689
id_626,-9.766099
id_627,-5.7402906
id_628,-6.476863
id_629,-8.167571
id_630,-8.556272
id_631,-7.4053993
id_632,-7.859886
id_633,-6.7105412
id_634,-5.655828
id_635,-5.5233054
id_636,-7.7563515
id_637,-6.110363
id_638,-6.660536
id_639,-5.929861
id_640,-6.575606
id_641,-5.229895
id_642,-5.399537
id_643,-8.082865
id_644,-6.238093
id_645,-7.775598
id_646,-9.831533
id_647,-9.216502
id_648,-13.891123
id_649,-14.476063
id_650,-13.134538
id_651,-7.7018228
id_652,-9.025898
id_653,-14.633453
id_654,-6.0820923
id_655,-3.311914
id_656,-11.557042
id_657,-10.116694
id_658,-13.367509
id_659,-9.547245
id_660,-12.291083
id_661,-10.469869
id_662,-8.534908
id_663,-6.845112
id_664,-6.349407
id_665,-0.012951374
id_666,-7.4948874
id_667,-8.9584875
id_668,-10.480048
id_669,-5.583419
id_670,-8.796128
id_671,-8.869091
id_672,-7.6023407
id_673,-10.904743
id_674,-9.390157
id_675,-6.7449894
id_676,-9.297039
id_677,-7.675105
id_678,-3.4756835
id_679,-8.700192
id_680,-5.811863
id_681,-10.462008
id_682,-6.06036
id_683,-9.074104
id_684,-7.7282414
id_685,-8.446918
id_686,-9.989346
id_687,-13.489834
id_688,-10.756504
id_689,-4.4824715
id_690,-5.237065
id_691,-8.77557
id_692,-11.228981
id_693,-2.3184004
id_694,-8.953346
id_695,-7.1606755
id_696,-10.254941
id_697,-6.6705647
id_698,-10.207758
id_699,-6.3028035
id_700,-10.249768
id_701,-6.1404967
id_702,-7.4415207
id_703,-2.3453102
id_704,4.3564086
id_705,-3.8824544
id_706,-5.0687013
id_707,-4.9364543
id_708,-5.1709733
id_709,-7.4229217
id_710,-5.927711
id_711,-4.4859786
id_712,-3.2966223
id_713,0.097700596
id_714,-4.0041404
id_715,-10.029528
id_716,-3.105434
id_717,-5.984074
id_718,-5.736016
id_719,-7.426332
id_720,-5.1502614
id_721,-4.559445
id_722,-6.1598525
id_723,-9.143438
id_724,-14.264911
id_725,-12.578475
id_726,-8.094609
id_727,-10.996004
id_728,-15.775752
id_729,-14.856117
id_730,-15.778325
id_731,-15.845032
id_732,-11.221168
id_733,-10.812677
id_734,-14.60119
id_735,-11.217601
id_736,-13.551388
id_737,-11.502359
id_738,-13.901794
id_739,-13.560801
id_740,-13.288754
id_741,-6.4800153
id_742,-9.312428
id_743,-13.167201
id_744,-12.650073
id_745,-8.943355
id_746,-11.506318
id_747,-7.130786
id_748,-12.739292
id_749,-13.535414
id_750,-8.584249
id_751,-8.672445
id_752,-8.771001
id_753,-12.3012705
id_754,-9.3776
id_755,-3.6268153
id_756,-13.218882
id_757,-15.29923
id_758,-6.6208944
id_759,-13.621325
id_760,-7.2500467
id_761,-7.7811103
id_762,-14.340052
id_763,-13.404644
id_764,-10.24985
id_765,-6.3035064
id_766,-9.316645
id_767,-15.731558
id_768,-7.03126
id_769,-6.625781
id_770,-10.938062
id_771,-11.367655
id_772,-11.334503
id_773,-6.863006
id_774,-12.77806
id_775,-9.384549
id_776,-7.667621
id_777,-5.868822
id_778,-5.1008177
id_779,-11.702271
id_780,-14.121224
id_781,-11.5924635
id_782,-9.22299
id_783,-11.253412
id_784,-15.015491
id_785,-13.890788
id_786,-12.827839
id_787,-13.1779995
id_788,-13.8383465
id_789,-8.420971
id_790,-12.645057
id_791,-13.823712
id_792,-10.998635
id_793,-11.738147
id_794,-12.052135
id_795,-16.662346
id_796,-14.008919
id_797,-14.649413
id_798,0.4922843
id_799,-3.2263756
id_800,-7.7038507
id_801,-7.7095575
id_802,-2.4073153
id_803,-0.64228964
id_804,-1.5184276
id_805,-6.208176
id_806,-9.366708
id_807,-2.3111186
id_808,-0.9581256
id_809,-6.6145725
id_810,-6.23818
id_811,-3.235526
id_812,-1.9350109
id_813,-7.1970186
id_814,-1.5755615
id_815,-2.26889
id_816,-5.140234
id_817,-4.216095
id_818,-8.737728
id_819,-11.4611225
id_820,-12.972833
id_821,-9.140892
id_822,-4.9913425
id_823,-2.7967577
id_824,-7.2703514
id_825,-11.891984
id_826,-2.9693599
id_827,-9.29682
id_828,-6.9047837
id_829,-3.1821384
id_830,-6.3693976
id_831,-10.444645
id_832,-5.4722466
id_833,-8.897484
id_834,-2.7748528
id_835,-8.462461
id_836,1.3397784
id_837,-4.9345317
id_838,-8.107946
id_839,-8.351599
id_840,-2.561521
id_841,-5.482034
id_842,-2.9766417
id_843,-8.683533
id_844,-12.872332
id_845,-3.5383544
id_846,-6.8182454
id_847,-6.805735
id_848,-5.491226
id_849,-2.012916
id_850,-10.989861
id_851,-2.6185093
id_852,-9.926458
id_853,-2.1794827
id_854,-9.001753
id_855,-1.6936879
id_856,-11.92747
id_857,-10.701924
id_858,-5.454741
id_859,-8.507646
id_860,-7.6888776
id_861,-11.803871
id_862,-13.414053
id_863,-8.271476
id_864,-6.5905094
id_865,-9.923134
id_866,-12.863468
id_867,-10.911251
id_868,-3.4849255
id_869,-10.655381
id_870,-4.134082
id_871,-10.739582
id_872,-3.229728
id_873,-10.416627
id_874,0.6406565
id_875,-7.187851
id_876,-8.916512
id_877,-9.181186
id_878,-9.496805
id_879,-8.151809
id_880,-9.968037
id_881,-10.637015
id_882,-7.642562
id_883,-8.672445
id_884,-8.960214
id_885,-9.515766
id_886,-8.904225
id_887,-2.7285995
id_888,-9.939186
id_889,-4.40421
id_890,-10.5044985
id_891,-5.4997854
id_892,-10.257802
id_893,-5.625118
id_894,-3.5293436
id_895,-7.5578127
id_896,-4.9972944
id_897,-4.8889375
id_898,-5.0189366
id_899,-3.3884616
id_900,-4.151387
id_901,-4.3662505
id_902,-4.097085
id_903,-4.5269423
id_904,-3.0455232
id_905,-7.5671043
id_906,-2.7339025
id_907,-3.8531485
id_908,-2.1865773
id_909,-6.918721
id_910,-3.7200718
id_911,-3.9584298
id_912,-5.3993683
id_913,-8.293878
id_914,-10.456259
id_915,-12.1925125
id_916,-10.923113
id_917,-7.8274975
id_918,-1.3217216
id_919,-11.697829
id_920,-13.37455
id_921,-5.120976
id_922,-3.2172513
id_923,-11.124517
id_924,-10.666801
id_925,-11.559464
id_926,-9.1612
id_927,-12.434724
id_928,-4.971516
id_929,-12.263044
id_930,-10.583239
id_931,-9.832722
id_932,-9.631144
id_933,-13.143925
id_934,-14.773054
id_935,-12.793979
id_936,-6.667758
id_937,-7.22396
id_938,-9.675834
id_939,-12.058363
id_940,-4.6583276
id_941,-12.006967
id_942,-8.442138
id_943,-10.433449
id_944,-9.972073
id_945,-10.595045
id_946,-10.10149
id_947,-10.385328
id_948,-8.596433
id_949,-10.571513
id_950,0.71204096
id_951,-4.622428
id_952,-3.4226744
id_953,-3.367606
id_954,-2.8486845
id_955,-5.3652306
id_956,-5.752429
id_957,-2.0414736
id_958,-1.8673592
id_959,-3.9410722
id_960,-4.6625204
id_961,-2.3867648
id_962,-1.979691
id_963,-8.186361
id_964,-2.684212
id_965,-1.9440703
id_966,-5.7874336
id_967,-3.6648352
id_968,-4.0163784
id_969,-6.0922794
id_970,-6.7577887
id_971,-9.034439
id_972,-10.496956
id_973,-7.000855
id_974,-10.284744
id_975,-11.304852
id_976,-6.5035706
id_977,-2.23592
id_978,-8.365423
id_979,-7.069537
id_980,-8.26302
id_981,-4.7838097
id_982,-11.595292
id_983,-6.424569
id_984,-9.037947
id_985,-9.503146
id_986,-10.074026
id_987,-9.436726
id_988,-3.272464
id_989,-5.6595902
id_990,-9.148826
id_991,-9.757121
id_992,-8.193583
id_993,-5.594837
id_994,-3.303076
id_995,-6.3751936
id_996,-9.286193
id_997,-6.1234727
id_998,-4.766307
id_999,-7.6208515
id_1000,-8.092711
id_1001,-10.808792
id_1002,-6.076741
id_1003,-8.507705
id_1004,-5.1459618
id_1005,-9.57984
id_1006,-6.9240294
id_1007,-7.3076544
id_1008,-12.00556
id_1009,-3.802154
id_1010,-6.9713287
id_1011,-12.456397
id_1012,-12.104566
id_1013,-7.8459487
id_1014,-8.760769
id_1015,-12.518158
id_1016,-11.992418
id_1017,-5.429304
id_1018,-7.57597
id_1019,-11.460183
id_1020,-7.529971
id_1021,-10.895329
id_1022,-8.714996
id_1023,-14.715658
id_1024,-10.187928
id_1025,-9.418005
id_1026,-4.0813227
id_1027,-2.7121382
id_1028,-3.4227438
id_1029,-2.9789386
id_1030,-5.435197
id_1031,-4.054749
id_1032,-2.9151888
id_1033,-0.56663895
id_1034,-3.5727153
id_1035,-2.4406204
id_1036,-1.6580731
id_1037,-0.8121964
id_1038,-9.283489
id_1039,-0.96649706
id_1040,-0.20848322
id_1041,-2.3768806
id_1042,-6.6700573
id_1043,-3.91225
id_1044,-5.3784366
id_1045,-5.3532763
id_1046,-7.567852
id_1047,-4.8009763
id_1048,-5.322071
id_1049,-9.177801
id_1050,-11.000172
id_1051,-5.0980053
id_1052,-3.7649367
id_1053,-8.6334095
id_1054,-8.560149
id_1055,-4.155122
id_1056,-4.5762444
id_1057,-11.163121
id_1058,-5.250721
id_1059,-4.492117
id_1060,-7.811583
id_1061,-9.330856
id_1062,-8.742825
id_1063,-8.889409
id_1064,-1.8496752
id_1065,-5.0696006
id_1066,-0.6947007
id_1067,-2.7121515
id_1068,-3.413468
id_1069,-4.6633477
id_1070,-2.1015682
id_1071,-1.8953655
id_1072,0.68954873
id_1073,-3.0092416
id_1074,-1.3985331
id_1075,-1.5719452
id_1076,-7.884093
id_1077,-1.9800591
id_1078,-0.6719873
id_1079,-1.150702
id_1080,-6.0306926
id_1081,-2.080076
id_1082,-4.510322
id_1083,-6.3660455
id_1084,-11.141381
id_1085,-4.1197176
id_1086,-7.4961467
id_1087,-8.625632
id_1088,-8.204679
id_1089,-7.8713217
id_1090,-8.359665
id_1091,-8.188235
id_1092,-6.5796356
id_1093,-9.011117
id_1094,-5.4758654
id_1095,-11.4628315
id_1096,-8.22835
id_1097,-9.808714
id_1098,-7.896721
id_1099,-9.145075
id_1100,-7.365195
id_1101,-8.881591
id_1102,-0.84977937
id_1103,-4.797455
id_1104,-0.52402306
id_1105,-0.353863
id_1106,-3.4015405
id_1107,-4.7267437
id_1108,-2.375285
id_1109,-1.8920186
id_1110,-0.6229842
id_1111,-2.5512292
id_1112,-3.1159089
id_1113,-0.6894014
id_1114,-4.8581533
id_1115,-0.86718416
id_1116,-1.5439525
id_1117,-1.0960991
id_1118,-5.5464993
id_1119,-1.237736
id_1120,-4.0558186
id_1121,-8.958483
id_1122,-9.748421
id_1123,-11.6298065
id_1124,-12.379831
id_1125,-11.023226
id_1126,-5.082144
id_1127,-6.6253095
id_1128,-10.211133
id_1129,-12.034901
id_1130,-4.9240775
id_1131,-12.080259
id_1132,-9.955288
id_1133,-7.4695606
id_1134,-9.372942
id_1135,-9.658028
id_1136,-8.893535
id_1137,-7.9050903
id_1138,-7.688442
id_1139,-9.09285
id_1140,0.10252428
id_1141,-4.804109
id_1142,2.0865364
id_1143,4.6322713
id_1144,-2.3742766
id_1145,-3.3787436
id_1146,-0.6393223
id_1147,-1.6033506
id_1148,-1.2146688
id_1149,-1.5636454
id_1150,2.2637157
id_1151,-0.29527617
id_1152,-5.1906734
id_1153,1.175693
id_1154,-2.8643208
id_1155,1.0315647
id_1156,-3.8411927
id_1157,-3.1848712
id_1158,-1.4863167
id_1159,-5.7006145
id_1160,-5.8564186
id_1161,-5.9026685
id_1162,-6.7957115
id_1163,-7.135231
id_1164,-8.696139
id_1165,-7.1818204
id_1166,-3.9174035
id_1167,-1.653893
id_1168,-6.846493
id_1169,-6.2344327
id_1170,-5.3571854
id_1171,-3.2231617
id_1172,-8.495561
id_1173,-4.711338
id_1174,-4.317995
id_1175,-8.174329
id_1176,-6.6666594
id_1177,-7.8160753
id_1178,-6.0263767
id_1179,-5.4911985
id_1180,-6.6848054
id_1181,-9.44285
id_1182,-8.193098
id_1183,-6.544266
id_1184,-3.4726558
id_1185,-4.584478
id_1186,-1.4001513
id_1187,-3.913056
id_1188,-2.0077877
id_1189,-6.1945033
id_1190,-3.5476513
id_1191,-5.742205
id_1192,-5.1332955
id_1193,-3.5827599
id_1194,-7.2128925
id_1195,-3.1250353
id_1196,-6.6614976
id_1197,-8.355924
id_1198,-9.773549
id_1199,-10.578169
id_1200,-12.823818
id_1201,-12.622278
id_1202,-5.8079977
id_1203,-10.0181875
id_1204,-10.893967
id_1205,-4.44783
id_1206,-1.0130816
id_1207,-11.19102
id_1208,-9.729202
id_1209,-12.651601
id_1210,-10.35087
id_1211,-10.238043
id_1212,-7.1566305
id_1213,-9.728885
id_1214,-2.0061321
id_1215,-9.103913
id_1216,-2.6369097
id_1217,-4.886181
id_1218,-3.2074988
id_1219,-3.511204
id_1220,-3.8371289
id_1221,-2.8511882
id_1222,-3.512441
id_1223,-2.2970762
id_1224,-3.561806
id_1225,-2.5446522
id_1226,-2.375514
id_1227,-2.291286
id_1228,-2.4418585
id_1229,-2.3749661
id_1230,-1.0393565
id_1231,-1.7384007
id_1232,-3.7889473
id_1233,-2.8330097
id_1234,-3.3880951
id_1235,-13.083078
id_1236,-8.8730135
id_1237,-16.09039
id_1238,-14.403088
id_1239,-14.850351
id_1240,-3.4769907
id_1241,-9.376717
id_1242,-5.9724855
id_1243,-14.035887
id_1244,-11.918109
id_1245,-9.853823
id_1246,-11.975441
id_1247,-13.579681
id_1248,-15.275909
id_1249,-12.487799
id_1250,-11.390623
id_1251,-13.185736
id_1252,-7.3567133
id_1253,-10.140879
id_1254,-1.1818744
id_1255,-3.8260279
id_1256,-1.4255744
id_1257,-1.4410745
id_1258,-1.5175072
id_1259,-4.7439137
id_1260,-4.1050386
id_1261,-1.4256724
id_1262,-1.2097417
id_1263,-4.7943354
id_1264,-2.8934288
id_1265,-1.7070428
id_1266,-0.51830924
id_1267,-4.835416
id_1268,-0.043172836
id_1269,0.13590884
id_1270,-5.9194584
id_1271,-3.1875381
id_1272,-4.3247995
id_1273,0.47595263
id_1274,-4.3761086
id_1275,0.23044062
id_1276,-2.8436737
id_1277,-3.097467
id_1278,-4.5386195
id_1279,-1.6647873
id_1280,-1.4831953
id_1281,2.0196548
id_1282,-3.0724416
id_1283,-1.9494987
id_1284,-2.329
id_1285,-2.0242023
id_1286,-1.0561066
id_1287,2.0040135
id_1288,-1.3974705
id_1289,-4.990712
id_1290,-0.84823704
id_1291,-3.5822797
id_1292,1.8349721
id_1293,-4.0202417
id_1294,0.050432205
id_1295,-0.25984883
id_1296,-1.4475398
id_1297,-3.8485098
id_1298,-2.0475183
id_1299,-1.035553
id_1300,1.357652
id_1301,-3.4923458
id_1302,-2.2236977
id_1303,0.7136531
id_1304,-1.6178141
id_1305,0.630203
id_1306,0.13920832
id_1307,-0.07603812
id_1308,-4.9030876
id_1309,-1.3611069
id_1310,-3.5398302
id_1311,-4.081299
id_1312,-8.344524
id_1313,-2.877901
id_1314,-6.237011
id_1315,-8.394532
id_1316,-7.1239643
id_1317,-4.601859
id_1318,-5.8002806
id_1319,-6.157244
id_1320,-6.297317
id_1321,-4.042251
id_1322,-4.726226
id_1323,-10.59244
id_1324,-5.0489206
id_1325,-6.694472
id_1326,-5.038076
id_1327,-9.10219
id_1328,-6.2818546
id_1329,-7.1542845
id_1330,-9.865869
id_1331,-9.779664
id_1332,-12.854385
id_1333,-15.314013
id_1334,-13.223555
id_1335,-6.4206867
id_1336,-3.2806702
id_1337,-10.3180685
id_1338,-9.648412
id_1339,-5.6458044
id_1340,-12.385384
id_1341,-9.477609
id_1342,-11.73506
id_1343,-11.060115
id_1344,-8.955566
id_1345,-9.738634
id_1346,-10.591393
id_1347,-5.0633087
id_1348,-9.958317
id_1349,-5.850462
id_1350,-8.487656
id_1351,-7.9959464
id_1352,-10.6495695
id_1353,-9.236671
id_1354,-8.195368
id_1355,-3.179031
id_1356,-9.83028
id_1357,-8.068678
id_1358,-4.477211
id_1359,-2.4574351
id_1360,-9.164473
id_1361,-7.946609
id_1362,-10.89061
id_1363,-8.056462
id_1364,-7.611998
id_1365,-6.2707787
id_1366,-10.300346
id_1367,-9.560383
id_1368,-2.0113301
id_1369,-6.552995
id_1370,-1.6536334
id_1371,-3.425486
id_1372,-6.2621174
id_1373,-5.2334805
id_1374,-4.927112
id_1375,-4.936267
id_1376,-6.0189953
id_1377,-4.9591465
id_1378,-0.99503654
id_1379,-4.085966
id_1380,-3.2978673
id_1381,-2.8093014
id_1382,-5.904647
id_1383,-2.595418
id_1384,-8.390221
id_1385,-3.5258765
id_1386,-6.4225435
id_1387,-7.3074994
id_1388,-8.063055
id_1389,-9.520908
id_1390,-6.479837
id_1391,-8.643821
id_1392,-3.433435
id_1393,-8.534994
id_1394,-2.119917
id_1395,-9.793592
id_1396,-9.086401
id_1397,-7.200068
id_1398,-2.8028648
id_1399,-7.232219
id_1400,-11.017603
id_1401,-7.184369
id_1402,-7.6810055
id_1403,-9.196192
id_1404,-4.7021523
id_1405,-7.7541814
id_1406,-1.1193414
id_1407,-7.3038316
id_1408,-9.370371
id_1409,-9.092127
id_1410,-6.0497475
id_1411,-7.8657937
id_1412,-9.892317
id_1413,-9.135601
id_1414,-8.838633
id_1415,-9.428807
id_1416,-8.886145
id_1417,-6.700231
id_1418,-9.334522
id_1419,-9.293423
id_1420,-7.9773297
id_1421,-4.986431
id_1422,-10.146331
id_1423,-7.6474347
id_1424,-8.865811
id_1425,-4.1014485
id_1426,-10.385897
id_1427,-9.452225
id_1428,-10.933719
id_1429,-8.111021
id_1430,-9.442139
id_1431,-7.617599
id_1432,-8.700623
id_1433,-9.212409
id_1434,-8.948517
id_1435,-6.6944046
id_1436,-9.922289
id_1437,-7.595143
id_1438,-5.9857917
id_1439,-8.012625
id_1440,-6.220008
id_1441,-11.10279
id_1442,-6.284901
id_1443,-10.314899
id_1444,-5.118652
id_1445,-9.43187
id_1446,-6.8961945
id_1447,-8.178633
id_1448,-8.751874
id_1449,-7.9577904
id_1450,-1.5175571
id_1451,-8.924899
id_1452,-4.7580123
id_1453,-5.932935
id_1454,-4.323583
id_1455,-7.5387506
id_1456,-6.8889236
id_1457,-8.002729
id_1458,-7.4317207
id_1459,-6.113039
id_1460,-5.322812
id_1461,-10.548782
id_1462,-9.319251
id_1463,-4.2950673
id_1464,-8.072273
id_1465,-12.544201
id_1466,-12.009863
id_1467,-9.577977
id_1468,-11.11231
id_1469,-6.6573915
id_1470,-11.366739
id_1471,-10.719133
id_1472,-7.580536
id_1473,-8.63619
id_1474,-8.036283
id_1475,-11.632448
id_1476,-9.925672
id_1477,-5.2036448
id_1478,-10.773835
id_1479,-13.441919
id_1480,-6.017921
id_1481,-11.717301
id_1482,-3.631556
id_1483,-10.5334
id_1484,-3.7470856
id_1485,-4.76514
id_1486,-8.667199
id_1487,-7.123828
id_1488,-6.577724
id_1489,-4.5264683
id_1490,-7.01866
id_1491,-6.366605
id_1492,-6.0063233
id_1493,-3.6859996
id_1494,-10.441369
id_1495,-5.704339
id_1496,-6.299157
id_1497,-6.024386
id_1498,-9.873681
id_1499,-5.832505
id_1500,-8.270111
id_1501,-3.5581527
id_1502,-7.804102
id_1503,-4.5474296
id_1504,-5.5910397
id_1505,-5.137227
id_1506,-7.1023035
id_1507,-5.4244766
id_1508,-3.8074424
id_1509,-5.479923
id_1510,-4.913248
id_1511,-4.057626
id_1512,-2.5470204
id_1513,-4.512469
id_1514,-3.794234
id_1515,-1.6443647
id_1516,-3.4343486
id_1517,-8.007874
id_1518,-5.057724
id_1519,-6.697445
id_1520,-5.842204
id_1521,-7.345329
id_1522,-7.5021124
id_1523,-7.0083637
id_1524,-6.9084206
id_1525,-3.9062562
id_1526,-7.744323
id_1527,-5.127945
id_1528,-6.52804
id_1529,-4.7124515
id_1530,-3.8864021
id_1531,-4.975425
id_1532,-7.9031963
id_1533,-5.473582
id_1534,-3.3504443
id_1535,-6.433241
id_1536,-6.3573456
id_1537,-7.0459833
id_1538,-2.1240864
id_1539,-3.453131
id_1540,-8.124041
id_1541,-7.757739
id_1542,-8.696185
id_1543,-7.8568573
id_1544,-4.338314
id_1545,-0.5939083
id_1546,-8.016213
id_1547,-7.225974
id_1548,-3.3344662
id_1549,-7.419158
id_1550,-6.9571934
id_1551,-7.2009573
id_1552,-6.2787724
id_1553,-6.1708965
id_1554,-3.469601
id_1555,-7.625946
id_1556,0.89646107
id_1557,-7.683647
id_1558,1.7926297
id_1559,-4.737649
id_1560,0.21810126
id_1561,1.0964601
id_1562,-0.73933506
id_1563,-3.6905394
id_1564,-1.6303558
id_1565,-1.4304857
id_1566,-0.69827366
id_1567,-3.0003247
id_1568,-1.9493465
id_1569,-0.25954318
id_1570,-0.46350718
id_1571,-0.3998475
id_1572,0.259665
id_1573,-1.9559817
id_1574,-5.8527107
id_1575,-0.14267683
id_1576,-3.8495374
id_1577,-2.971506
id_1578,-6.9431477
id_1579,-0.97478247
id_1580,-1.8277386
id_1581,-6.444741
id_1582,-5.0400815
id_1583,-4.098967
id_1584,-4.114074
id_1585,-6.013893
id_1586,-5.03213
id_1587,-1.7598804
id_1588,-2.4138799
id_1589,-5.595049
id_1590,-0.98986185
id_1591,-4.9709353
id_1592,-0.8006177
id_1593,-9.679115
id_1594,-4.229943
id_1595,-6.618723
id_1596,-5.8056526
id_1597,-8.2794895
id_1598,-6.535223
id_1599,-5.4303684
id_1600,-8.689142
id_1601,-9.331462
id_1602,-7.989011
id_1603,-7.9988546
id_1604,-8.95657
id_1605,-8.489014
id_1606,-6.0054235
id_1607,-7.8907948
id_1608,-9.318456
id_1609,-5.408592
id_1610,-7.549217
id_1611,-7.177019
id_1612,-8.496574
id_1613,-8.113238
id_1614,-8.417647
id_1615,-7.6496654
id_1616,-9.438194
id_1617,-11.9267645
id_1618,-14.760948
id_1619,-12.220576
id_1620,-7.32038
id_1621,-7.1159754
id_1622,-11.216549
id_1623,-10.2984295
id_1624,-4.3376155
id_1625,-12.132532
id_1626,-9.255251
id_1627,-9.951203
id_1628,-9.625977
id_1629,-10.2168255
id_1630,-9.0202875
id_1631,-10.735527
id_1632,-7.1586504
id_1633,-9.466178
id_1634,-3.0680153
id_1635,-6.1678934
id_1636,-3.988969
id_1637,-4.150386
id_1638,-5.564004
id_1639,-5.889226
id_1640,-5.1076765
id_1641,-6.8031797
id_1642,-5.27705
id_1643,-4.5055656
id_1644,-3.773526
id_1645,-3.8635104
id_1646,-4.860812
id_1647,-2.4307067
id_1648,-0.35085487
id_1649,-5.4179173
id_1650,-7.9202776
id_1651,-5.1894207
id_1652,-6.882264
id_1653,-5.382731
id_1654,-7.541787
id_1655,-6.868372
id_1656,-8.735758
id_1657,-8.715319
id_1658,-4.985684
id_1659,-1.2890968
id_1660,-8.460659
id_1661,-11.638222
id_1662,-4.0366497
id_1663,-1.48067
id_1664,-9.142981
id_1665,-7.8097577
id_1666,-8.719681
id_1667,-7.678287
id_1668,-9.156155
id_1669,-5.4823976
id_1670,-8.514177
id_1671,-6.8984137
id_1672,2.0792766
id_1673,-4.0154557
id_1674,-1.0145602
id_1675,-2.3018317
id_1676,0.35811043
id_1677,-3.8681026
id_1678,-3.8668237
id_1679,-1.8327036
id_1680,-1.2096071
id_1681,-3.2811432
id_1682,-2.134585
id_1683,-1.8892627
id_1684,-0.712801
id_1685,-3.1257482
id_1686,-0.032360077
id_1687,-1.831367
id_1688,-4.8072743
id_1689,-2.9502478
id_1690,-4.0797973
id_1691,-1.92663
id_1692,-9.369887
id_1693,-2.2591739
id_1694,-5.619623
id_1695,-9.507046
id_1696,-8.854898
id_1697,-6.141779
id_1698,-6.3782167
id_1699,-6.778714
id_1700,-6.990802
id_1701,-5.1278057
id_1702,-2.7187834
id_1703,-9.525141
id_1704,-4.116999
id_1705,-7.454138
id_1706,-4.908121
id_1707,-10.062147
id_1708,-6.8704743
id_1709,-8.54431
id_1710,-5.6229296
id_1711,-8.649585
id_1712,-11.62001
id_1713,-13.8124275
id_1714,-10.928183
id_1715,-7.1360965
id_1716,-4.585402
id_1717,-11.226317
id_1718,-14.547078
id_1719,-4.8535576
id_1720,-12.075466
id_1721,-10.032019
id_1722,-11.788748
id_1723,-8.868655
id_1724,-13.210707
id_1725,-6.7777357
id_1726,-11.281755
id_1727,-4.5372424
id_1728,-10.312092
id_1729,-4.516008
id_1730,-11.180391
id_1731,-11.760588
id_1732,-6.918078
id_1733,-8.495937
id_1734,-8.493809
id_1735,-11.6147995
id_1736,-13.672926
id_1737,-8.7806
id_1738,-7.3121033
id_1739,-9.398895
id_1740,-11.283386
id_1741,-11.90674
id_1742,-4.4059396
id_1743,-10.436069
id_1744,-6.6006637
id_1745,-9.900202
id_1746,-8.017986
id_1747,-7.7069306
id_1748,0.47428083
id_1749,-3.8269095
id_1750,0.4386716
id_1751,-0.40949202
id_1752,-1.5622449
id_1753,-1.5177667
id_1754,-3.7694893
id_1755,0.42802596
id_1756,-1.609808
id_1757,-3.081802
id_1758,-2.7802153
id_1759,-0.7223251
id_1760,-0.3331685
id_1761,-4.674373
id_1762,-1.3897443
id_1763,-0.5594883
id_1764,-4.7020383
id_1765,-2.6664162
id_1766,-1.7475841
id_1767,-8.071883
id_1768,-10.627475
id_1769,-11.161499
id_1770,-5.1215076
id_1771,-11.262155
id_1772,-9.448851
id_1773,-11.576757
id_1774,-13.125296
id_1775,-9.819587
id_1776,-9.400561
id_1777,-11.166721
id_1778,-11.875486
id_1779,-9.863718
id_1780,-5.1386847
id_1781,-12.033434
id_1782,-5.763942
id_1783,-12.56837
id_1784,-6.3334107
id_1785,-11.182371
id_1786,-6.763426
id_1787,-8.29155
id_1788,-8.794713
id_1789,-4.361083
id_1790,-10.276936
id_1791,-5.9387493
id_1792,-11.011509
id_1793,-11.017499
id_1794,-6.291163
id_1795,-7.1930513
id_1796,-7.0978208
id_1797,-9.788568
id_1798,-8.81903
id_1799,-2.5303826
id_1800,-10.594212
id_1801,-0.9523125
id_1802,-12.357956
id_1803,-4.216692
id_1804,-11.602215
id_1805,-2.890921
id_1806,-7.161645
id_1807,-5.5897875
id_1808,-8.365847
id_1809,-4.1543007
id_1810,-5.258007
id_1811,-8.385117
id_1812,-9.286655
id_1813,-1.698113
id_1814,-1.0514135
id_1815,-6.7441945
id_1816,-5.1831093
id_1817,-8.893656
id_1818,-5.13369
id_1819,-8.5950165
id_1820,-3.274057
id_1821,-9.075799
id_1822,-0.629723
id_1823,-8.52403
id_1824,-2.4701328
id_1825,-6.5366616
id_1826,-3.23524
id_1827,-5.7921863
id_1828,-4.313613
id_1829,-8.303148
id_1830,-3.197225
id_1831,-6.2009296
id_1832,-2.9194894
id_1833,-4.145364
id_1834,-4.79032
id_1835,-4.757514
id_1836,-1.9938606
id_1837,-7.5272346
id_1838,-1.8837842
id_1839,-2.610321
id_1840,-8.839214
id_1841,-2.6096888
id_1842,-8.635789
id_1843,-2.6039085
id_1844,-2.634623
id_1845,-1.9630842
id_1846,-3.193575
id_1847,-4.2279887
id_1848,1.5490136
id_1849,0.2891822
id_1850,0.29178166
id_1851,-2.2410483
id_1852,0.97865295
id_1853,-1.4324174
id_1854,-0.5728893
id_1855,-6.446625
id_1856,-1.9740934
id_1857,-1.5022717
id_1858,-0.95910025
id_1859,-2.0345778
id_1860,-0.17666984
id_1861,2.7375817
id_1862,-10.965674
id_1863,-12.461641
id_1864,-14.910851
id_1865,-15.041451
id_1866,-11.182307
id_1867,-13.378391
id_1868,-15.615332
id_1869,-15.454153
id_1870,-15.529753
id_1871,-16.653831
id_1872,-12.743635
id_1873,-11.987394
id_1874,-15.04549
id_1875,-11.679256
id_1876,-12.918001
id_1877,-10.866016
id_1878,-15.550985
id_1879,-15.236613
id_1880,-15.060435
id_1881,-11.194191
id_1882,-13.548026
id_1883,-8.826944
id_1884,-9.640197
id_1885,-16.272013
id_1886,-14.908675
id_1887,-13.479431
id_1888,-15.645357
id_1889,-15.679952
id_1890,-16.149035
id_1891,-10.290045
id_1892,-14.478805
id_1893,-16.46009
id_1894,-11.182323
id_1895,-15.063747
id_1896,-13.79538
id_1897,-17.552559
id_1898,-11.934337
id_1899,-14.221691
id_1900,-9.379184
id_1901,-10.308799
id_1902,-12.562817
id_1903,-7.766964
id_1904,-6.445948
id_1905,-13.860901
id_1906,-10.803083
id_1907,-10.898848
id_1908,-12.586595
id_1909,-12.279455
id_1910,-12.71937
id_1911,-11.777131
id_1912,-12.131739
id_1913,-6.624219
id_1914,-12.485098
id_1915,-8.357397
id_1916,-15.449936
id_1917,-10.175894
id_1918,-12.746158
id_1919,-3.179006
id_1920,-5.971192
id_1921,-8.507432
id_1922,-8.609644
id_1923,-5.292557
id_1924,-9.036713
id_1925,-3.6297235
id_1926,-8.246473
id_1927,-8.750109
id_1928,-5.30431
id_1929,-4.1550484
id_1930,-5.118019
id_1931,-7.682288
id_1932,-5.6647024
id_1933,-2.1271162
id_1934,-8.012156
id_1935,-11.715815
id_1936,-3.433058
id_1937,-9.765336
id_1938,-8.225523
id_1939,-12.413199
id_1940,-11.759293
id_1941,-4.759694
id_1942,-13.056873
id_1943,-12.113868
id_1944,-14.031693
id_1945,-15.981426
id_1946,-11.3844
id_1947,-12.442498
id_1948,-12.366246
id_1949,-14.496265
id_1950,-8.755113
id_1951,-4.408541
id_1952,-14.458921
id_1953,-7.527991
id_1954,-14.917004
id_1955,-8.706722
id_1956,-13.700584
id_1957,-6.04627
id_1958,-11.064104
id_1959,-11.416065
id_1960,-1.9996138
id_1961,-12.4820795
id_1962,-9.121847
id_1963,-13.441017
id_1964,-13.9197445
id_1965,-9.318558
id_1966,-10.944677
id_1967,-10.298237
id_1968,-12.552644
id_1969,-9.898518
id_1970,-3.4089594
id_1971,-12.269594
id_1972,-5.1892233
id_1973,-13.471073
id_1974,-6.3878965
id_1975,-13.194624
id_1976,-8.75613
id_1977,-10.429215
id_1978,-10.476352
id_1979,-9.4413395
id_1980,-8.013494
id_1981,-11.920658
id_1982,-11.047872
id_1983,-7.2377224
id_1984,-9.233619
id_1985,-10.594303
id_1986,-10.519758
id_1987,-8.647615
id_1988,-13.230393
id_1989,-7.327307
id_1990,-8.478275
id_1991,-7.9255314
id_1992,-11.869396
id_1993,-10.415025
id_1994,-9.706379
id_1995,-6.9949765
id_1996,-8.599806
id_1997,-7.890205
id_1998,-12.593322
id_1999,-10.588186
id_2000,-6.272353
id_2001,-3.9383078
id_2002,-6.5091596
id_2003,-5.2112274
id_2004,-3.0861645
id_2005,-9.477956
id_2006,-3.5039282
id_2007,-10.0557785
id_2008,-7.9277673
id_2009,-4.8672276
id_2010,-6.439718
id_2011,-8.362975
id_2012,-4.657894
id_2013,-8.524374
id_2014,-6.175663
id_2015,-8.557578
id_2016,-9.589597
id_2017,-11.752868
id_2018,-10.471828
id_2019,-7.5083547
id_2020,-4.61292
id_2021,-10.652654
id_2022,-13.776388
id_2023,-4.3099036
id_2024,-11.680269
id_2025,-8.272659
id_2026,-10.73122
id_2027,-9.23947
id_2028,-12.696677
id_2029,-7.5632505
id_2030,-11.636177
id_2031,-4.5306883
id_2032,-11.305275
id_2033,-7.866917
id_2034,-9.65967
id_2035,-11.678337
id_2036,-14.326398
id_2037,-10.828462
id_2038,-5.586238
id_2039,-3.638362
id_2040,-9.455841
id_2041,-12.461685
id_2042,-3.2972374
id_2043,-10.718319
id_2044,-7.647184
id_2045,-10.335738
id_2046,-8.345769
id_2047,-10.619101
id_2048,-6.9085016
id_2049,-10.882306
id_2050,-5.2196436
id_2051,-10.789526
id_2052,0.46412992
id_2053,-4.627814
id_2054,0.9197215
id_2055,0.39189696
id_2056,-1.0632172
id_2057,-4.3472543
id_2058,-2.9414907
id_2059,-0.5600786
id_2060,1.6816391
id_2061,-3.043682
id_2062,-2.6119819
id_2063,0.4204235
id_2064,0.29452205
id_2065,-2.2744055
id_2066,-0.11311531
id_2067,0.0782814
id_2068,-5.4559584
id_2069,-2.0276647
id_2070,-3.6792054
id_2071,-0.44627643
id_2072,-4.2801323
id_2073,-1.0809138
id_2074,-3.651295
id_2075,-2.6154544
id_2076,-5.3391647
id_2077,-4.164706
id_2078,-3.6703103
id_2079,-3.5644567
id_2080,-3.4260628
id_2081,-2.316531
id_2082,-3.2994864
id_2083,-1.7639854
id_2084,-6.555932
id_2085,0.61868024
id_2086,-3.11816
id_2087,-6.379324
id_2088,-2.907336
id_2089,-5.755272
id_2090,-3.3088787
id_2091,-4.9583473
id_2092,-7.3827868
id_2093,-8.269988
id_2094,-6.1765327
id_2095,-1.8409047
id_2096,-4.2536077
id_2097,-7.3741083
id_2098,-2.5254903
id_2099,0.7093354
id_2100,-6.3039093
id_2101,-5.6054487
id_2102,-8.681953
id_2103,-5.2365236
id_2104,-6.741605
id_2105,-3.5011346
id_2106,-6.972184
id_2107,-0.23592615
id_2108,-4.1804895
id_2109,-5.9447865
id_2110,-7.9721556
id_2111,-6.457883
id_2112,-4.546221
id_2113,-10.418953
id_2114,-10.702565
id_2115,-8.940653
id_2116,-8.228928
id_2117,-10.97802
id_2118,-10.006264
id_2119,-6.790124
id_2120,-8.798966
id_2121,-10.495537
id_2122,-6.1324444
id_2123,-8.078372
id_2124,-8.721601
id_2125,-10.187777
id_2126,-9.012141
id_2127,-10.629896
id_2128,-6.0137825
id_2129,-8.410375
id_2130,-5.5057354
id_2131,-5.784662
id_2132,-10.113181
id_2133,-10.663506
id_2134,-8.629709
id_2135,-6.54591
id_2136,-10.551087
id_2137,-9.69224
id_2138,-6.5140758
id_2139,-7.6447425
id_2140,-6.8911805
id_2141,-4.9436817
id_2142,-6.6538806
id_2143,-6.9579
id_2144,-9.468362
id_2145,-8.932745
id_2146,-9.929234
id_2147,-5.934742
id_2148,-10.621091
id_2149,-11.436376
id_2150,-12.113788
id_2151,-8.533827
id_2152,-12.542713
id_2153,-10.982086
id_2154,-9.975212
id_2155,-11.593629
id_2156,-11.618047
id_2157,-10.047546
id_2158,-10.978224
id_2159,-9.164283
id_2160,-6.6110306
id_2161,-9.90684
id_2162,-7.095397
id_2163,-12.715458
id_2164,-8.750731
id_2165,-12.487782
id_2166,-0.10788059
id_2167,-5.6608152
id_2168,-0.21095419
id_2169,-0.81483936
id_2170,-1.4746835
id_2171,-4.92805
id_2172,-3.639505
id_2173,-1.8659873
id_2174,-3.9366026
id_2175,-3.102903
id_2176,-1.5414944
id_2177,-0.020035267
id_2178,-2.2386475
id_2179,-1.2122128
id_2180,-0.97601986
id_2181,-1.1194847
id_2182,-5.8602657
id_2183,-2.1828184
id_2184,-4.393772
id_2185,0.7492597
id_2186,-5.3527384
id_2187,-1.6396983
id_2188,1.8557491
id_2189,-5.7647886
id_2190,-3.7662299
id_2191,-3.9915745
id_2192,-2.2888863
id_2193,-4.3876886
id_2194,-4.23345
id_2195,-1.5908113
id_2196,-1.9154084
id_2197,-1.8204739
id_2198,-1.2812405
id_2199,-2.7160103
id_2200,-1.9013464
id_2201,-6.5335617
id_2202,-1.7254069
id_2203,-5.5381565
id_2204,-4.1466384
id_2205,-5.7713284
id_2206,-9.997567
id_2207,-13.175042
id_2208,-8.407581
id_2209,-0.9139199
id_2210,-4.3964825
id_2211,-9.297243
id_2212,-11.36976
id_2213,-3.6918616
id_2214,-11.655656
id_2215,-9.0074215
id_2216,-7.0796914
id_2217,-6.5185146
id_2218,-10.365337
id_2219,-5.0186334
id_2220,-7.5745215
id_2221,-2.1390638
id_2222,-5.0203433
id_2223,-4.6671114
id_2224,-7.790043
id_2225,-4.961067
id_2226,-5.9524274
id_2227,-5.889723
id_2228,-9.296288
id_2229,-5.0702095
id_2230,-6.563251
id_2231,-5.4069858
id_2232,-5.700642
id_2233,-6.919929
id_2234,-3.785392
id_2235,-4.586628
id_2236,-8.907656
id_2237,-3.2817948
id_2238,-4.7977195
id_2239,-10.336916
id_2240,-5.4327917
id_2241,-8.670652
id_2242,-3.9458609
id_2243,-0.27670896
id_2244,-0.265859
id_2245,-1.0328032
id_2246,-4.372677
id_2247,-2.7605486
id_2248,-1.5587963
id_2249,-1.231469
id_2250,-3.520482
id_2251,-2.060967
id_2252,-0.9214486
id_2253,-0.21161544
id_2254,-5.5609927
id_2255,-0.7464808
id_2256,-0.5378188
id_2257,-0.37909257
id_2258,-5.152645
id_2259,-1.943621
id_2260,-4.037351
id_2261,-6.978382
id_2262,-6.7061267
id_2263,-8.918752
id_2264,-9.053923
id_2265,-8.77821
id_2266,-7.50843
id_2267,-6.0842404
id_2268,-8.703759
id_2269,-6.8834248
id_2270,-5.336125
id_2271,-8.800956
id_2272,-7.5624576
id_2273,-11.299661
id_2274,-6.9825425
id_2275,-7.2717633
id_2276,-7.1482825
id_2277,-4.744939
id_2278,-6.8643885
id_2279,-2.1353664
id_2280,-4.5948586
id_2281,-4.6012673
id_2282,-10.162291
id_2283,-11.954651
id_2284,-7.3919497
id_2285,-2.3777227
id_2286,-4.387225
id_2287,-9.277782
id_2288,-13.125078
id_2289,-2.348487
id_2290,-10.605726
id_2291,-9.246251
id_2292,-10.901212
id_2293,-6.944233
id_2294,-11.291224
id_2295,-6.553619
id_2296,-5.3487487
id_2297,-4.417861
id_2298,-5.448446
id_2299,-0.8580525
id_2300,-3.2424037
id_2301,-0.69117
id_2302,-2.3442929
id_2303,-1.197696
id_2304,-5.094101
id_2305,-3.5515444
id_2306,0.31325412
id_2307,-3.160373
id_2308,-2.6760285
id_2309,-1.1195896
id_2310,0.9700129
id_2311,-4.961401
id_2312,-1.0967405
id_2313,3.2627695
id_2314,-1.2484477
id_2315,-3.5444767
id_2316,-2.951628
id_2317,-3.7634146
id_2318,0.9685044
id_2319,-3.4627426
id_2320,0.3554318
id_2321,0.46284556
id_2322,1.1842053
id_2323,-3.4530094
id_2324,-3.004687
id_2325,-0.82442164
id_2326,0.3569014
id_2327,-2.810065
id_2328,-1.6949441
id_2329,0.6490226
id_2330,-3.8493898
id_2331,2.0787196
id_2332,0.718951
id_2333,0.9884684
id_2334,-4.392064
id_2335,-1.8445718
id_2336,-3.132923
id_2337,1.3821809
id_2338,-1.4475148
id_2339,-2.4709532
id_2340,-4.3024874
id_2341,-2.0751126
id_2342,0.47050476
id_2343,3.014721
id_2344,-0.5642812
id_2345,-1.7457154
id_2346,2.2725897
id_2347,-1.0093997
id_2348,-0.78787017
id_2349,-4.007038
id_2350,-0.1483767
id_2351,-1.3082411
id_2352,0.9162588
id_2353,-2.2881186
id_2354,1.4825242
id_2355,-0.370857
id_2356,-7.0414634
id_2357,-8.652623
id_2358,-6.476929
id_2359,-5.154431
id_2360,-10.604233
id_2361,-10.644307
id_2362,-6.4004908
id_2363,-6.488872
id_2364,-10.420712
id_2365,-10.150333
id_2366,-4.8731966
id_2367,-6.8255186
id_2368,-10.102818
id_2369,-6.616649
id_2370,-6.895497
id_2371,-8.002322
id_2372,-11.252424
id_2373,-8.993338
id_2374,-10.121721
id_2375,-7.2431116
id_2376,-8.6917515
id_2377,-4.4602942
id_2378,-7.6822467
id_2379,-11.595969
id_2380,-11.110285
id_2381,-9.564286
id_2382,-10.747759
id_2383,-11.00992
id_2384,-10.678745
id_2385,-5.955228
id_2386,-10.226942
id_2387,-12.777355
id_2388,-7.888467
id_2389,-12.502421
id_2390,-10.063201
id_2391,-14.364537
id_2392,-9.435539
id_2393,-9.815803
id_2394,0.4631133
id_2395,-3.505581
id_2396,1.8777175
id_2397,1.7518027
id_2398,-0.58288383
id_2399,-2.173685
id_2400,-0.8558464
id_2401,1.121625
id_2402,-2.009902
id_2403,-1.3522401
id_2404,2.23092
id_2405,0.715919
id_2406,-0.66919994
id_2407,1.4443352
id_2408,0.30019617
id_2409,2.0129015
id_2410,-3.314207
id_2411,-0.28217983
id_2412,-1.5894299
id_2413,-2.482912
id_2414,-4.909816
id_2415,-4.0027237
id_2416,-4.9605494
id_2417,-5.060403
id_2418,-4.945298
id_2419,-2.2903597
id_2420,-3.6294343
id_2421,-6.243702
id_2422,-4.3900156
id_2423,-5.140048
id_2424,-4.6511602
id_2425,-4.708102
id_2426,-7.750991
id_2427,-3.2561293
id_2428,-5.559224
id_2429,-1.0933225
id_2430,-5.9419184
id_2431,-4.847933
id_2432,-7.9261894
id_2433,-8.423731
id_2434,-12.295566
id_2435,-10.761871
id_2436,-9.165913
id_2437,-6.551099
id_2438,-9.134031
id_2439,-10.83987
id_2440,-12.526229
id_2441,-8.738985
id_2442,-10.642342
id_2443,-9.193556
id_2444,-12.786636
id_2445,-10.397458
id_2446,-1.2496204
id_2447,-11.314508
id_2448,-13.018315
id_2449,-10.136529
id_2450,-9.89707
id_2451,-8.479199
id_2452,-7.3417645
id_2453,-9.270573
id_2454,-9.707927
id_2455,-8.356666
id_2456,-9.454076
id_2457,-9.6213255
id_2458,-5.515333
id_2459,-7.576492
id_2460,-8.864161
id_2461,-7.9116836
id_2462,-8.230317
id_2463,-6.549967
id_2464,-11.300886
id_2465,-6.8100724
id_2466,-8.0250025
id_2467,-8.28859
id_2468,-8.3964405
id_2469,-8.713327
id_2470,-7.868059
id_2471,-9.802454
id_2472,-12.075843
id_2473,-12.78686
id_2474,-10.874884
id_2475,-6.0115013
id_2476,-6.806692
id_2477,-10.657188
id_2478,-13.252351
id_2479,-4.744906
id_2480,-10.636801
id_2481,-10.207972
id_2482,-8.153515
id_2483,-7.0475106
id_2484,-10.739443
id_2485,-8.91445
id_2486,-10.6707
id_2487,-6.18744
id_2488,-9.280642
id_2489,-10.157724
id_2490,-12.557873
id_2491,-6.6627245
id_2492,-9.61627
id_2493,-12.915619
id_2494,-12.24797
id_2495,-9.486841
id_2496,-11.368374
id_2497,-12.753592
id_2498,-12.813375
id_2499,-6.0294085
id_2500,-10.413709
id_2501,-14.999588
id_2502,-9.104258
id_2503,-12.180927
id_2504,-9.874352
id_2505,-13.731876
id_2506,-11.241878
id_2507,-9.95008
id_2508,-6.8286963
id_2509,-7.1206555
id_2510,-9.943602
id_2511,-8.426832
id_2512,-6.744126
id_2513,-7.972013
id_2514,-9.402322
id_2515,-5.325713
id_2516,-8.261067
id_2517,-9.353819
id_2518,-8.072631
id_2519,-7.539772
id_2520,-7.564897
id_2521,-10.343641
id_2522,-6.0210676
id_2523,-7.731971
id_2524,-7.6082726
id_2525,-9.081513
id_2526,-7.827866
id_2527,-5.7387214
id_2528,-5.863563
id_2529,-5.537366
id_2530,-5.2557864
id_2531,-6.743503
id_2532,-2.3161454
id_2533,-3.018272
id_2534,-3.4649205
id_2535,-4.7016296
id_2536,-4.336749
id_2537,-2.97621
id_2538,-2.9103665
id_2539,-4.433215
id_2540,-8.7934675
id_2541,-4.8853455
id_2542,-4.1137033
id_2543,-4.455156
id_2544,-3.9144626
id_2545,-1.7276093
id_2546,-10.601822
id_2547,-14.224703
id_2548,-8.165947
id_2549,-10.788178
id_2550,-12.833481
id_2551,-11.122619
id_2552,-13.59904
id_2553,-10.869718
id_2554,-11.778355
id_2555,-11.696197
id_2556,-12.538278
id_2557,-9.419059
id_2558,-13.992282
id_2559,-12.559719
id_2560,-13.928859
id_2561,-11.687688
id_2562,-14.510696
id_2563,-9.540694
id_2564,-13.862337
id_2565,-2.3151047
id_2566,-4.5591545
id_2567,-5.1397085
id_2568,-4.7125244
id_2569,-4.6021004
id_2570,-5.307377
id_2571,-1.6149538
id_2572,-4.642337
id_2573,-4.0862637
id_2574,-3.681133
id_2575,-3.4073565
id_2576,-3.025668
id_2577,-5.0344343
id_2578,-1.3219819
id_2579,-4.0830336
id_2580,2.2401996
id_2581,-7.1667643
id_2582,-1.7439816
id_2583,-5.9017935
id_2584,-2.9835606
id_2585,-7.841575
id_2586,-1.2066565
id_2587,-3.8369343
id_2588,-6.3777866
id_2589,-4.843989
id_2590,-5.078638
id_2591,-4.1634526
id_2592,-5.66854
id_2593,-4.6974344
id_2594,-4.0722895
id_2595,-3.5369077
id_2596,-7.8713765
id_2597,-3.4448357
id_2598,-5.955246
id_2599,-3.415627
id_2600,-7.2073784
id_2601,-4.130264
id_2602,-6.000022
id_2603,-8.245498
id_2604,-8.643928
id_2605,-10.105056
id_2606,-10.830287
id_2607,-10.334234
id_2608,-5.9847856
id_2609,-6.400342
id_2610,-9.245821
id_2611,-9.292952
id_2612,-3.9454017
id_2613,-9.393622
id_2614,-7.901785
id_2615,-8.951513
id_2616,-7.5332584
id_2617,-8.250913
id_2618,-7.485315
id_2619,-8.623389
id_2620,-6.836079
id_2621,-8.16861
id_2622,-7.2178497
id_2623,-7.4299126
id_2624,-10.341859
id_2625,-7.9617085
id_2626,-7.3743744
id_2627,-10.6663
id_2628,-7.702482
id_2629,-7.971166
id_2630,-8.353979
id_2631,-8.867656
id_2632,-9.012013
id_2633,-9.036696
id_2634,-11.854122
id_2635,-5.400008
id_2636,-9.141385
id_2637,-5.9946413
id_2638,-11.877991
id_2639,-8.020369
id_2640,-8.641346
id_2641,-2.1678283
id_2642,-6.9163494
id_2643,-2.9298646
id_2644,-5.2194133
id_2645,-6.0446453
id_2646,-3.4145813
id_2647,-5.1906667
id_2648,-4.0744615
id_2649,-4.5172825
id_2650,-4.439521
id_2651,-4.847477
id_2652,-2.9552264
id_2653,-8.218254
id_2654,-2.2663982
id_2655,-5.1083894
id_2656,-1.0851521
id_2657,-7.7685723
id_2658,-2.7935233
id_2659,-6.426692
id_2660,-7.000455
id_2661,-7.3603973
id_2662,-6.0802526
id_2663,-4.294631
id_2664,-5.487239
id_2665,-6.4237804
id_2666,-6.2870383
id_2667,-8.239298
id_2668,-5.8355303
id_2669,-5.7895374
id_2670,-5.4124913
id_2671,-7.683526
id_2672,-8.123911
id_2673,-3.9774303
id_2674,-7.53603
id_2675,-4.7439823
id_2676,-5.8140535
id_2677,-4.6074324
id_2678,-6.2091675
id_2679,-1.4995437
id_2680,-5.8096056
id_2681,-3.04353
id_2682,-3.8505006
id_2683,-3.5827632
id_2684,-3.5452414
id_2685,-3.5104861
id_2686,-1.4044509
id_2687,-2.3434336
id_2688,-0.4499898
id_2689,-3.2636704
id_2690,-2.6714635
id_2691,-1.3835609
id_2692,-2.003571
id_2693,-1.2892392
id_2694,-0.6772051
id_2695,-4.887273
id_2696,-0.18672657
id_2697,-4.435258
id_2698,-3.2325482
id_2699,-9.213004
id_2700,-4.384324
id_2701,-5.3064127
id_2702,-5.6995673
id_2703,-6.1380343
id_2704,-4.917031
id_2705,-5.4012313
id_2706,-4.3780403
id_2707,-6.4117165
id_2708,-3.8773382
id_2709,-6.3569427
id_2710,-5.0869274
id_2711,-4.3367662
id_2712,-5.0225115
id_2713,-4.9864173
id_2714,-8.029134
id_2715,-4.328967
id_2716,-6.94134
id_2717,-2.0469167
id_2718,-5.3588753
id_2719,-1.4670846
id_2720,0.07877302
id_2721,2.5415034
id_2722,-2.576681
id_2723,-5.2318287
id_2724,-1.5662968
id_2725,-1.7395942
id_2726,-3.4070685
id_2727,-2.4888232
id_2728,-2.174133
id_2729,-6.2022095
id_2730,-2.2936008
id_2731,-2.4665654
id_2732,-2.9848711
id_2733,-3.36432
id_2734,-4.801239
id_2735,-3.0100467
id_2736,-6.271929
id_2737,-7.7163486
id_2738,-3.7001493
id_2739,-4.314367
id_2740,-8.266294
id_2741,-9.47098
id_2742,-6.0455046
id_2743,-8.511028
id_2744,-8.969208
id_2745,-8.7304125
id_2746,-5.1128197
id_2747,-7.5581374
id_2748,-10.353347
id_2749,-6.345977
id_2750,-9.504799
id_2751,-7.245626
id_2752,-9.531116
id_2753,-8.156424
id_2754,-6.9454746
id_2755,-1.6598104
id_2756,-6.8051596
id_2757,-2.1959448
id_2758,-4.630679
id_2759,-4.22796
id_2760,-1.8277344
id_2761,-3.5218272
id_2762,-2.2010088
id_2763,-2.625545
id_2764,-0.9194194
id_2765,-3.8235354
id_2766,-2.0358477
id_2767,0.6366601
id_2768,-2.39844
id_2769,-2.6149426
id_2770,-2.2657642
id_2771,-5.251797
id_2772,-1.6022094
id_2773,-4.519877
id_2774,-8.472121
id_2775,-6.693741
id_2776,-9.316922
id_2777,-10.310577
id_2778,-8.568365
id_2779,-10.614954
id_2780,-8.760315
id_2781,-5.598094
id_2782,-5.4945087
id_2783,-8.507764
id_2784,-7.2966413
id_2785,-7.417367
id_2786,-5.5281744
id_2787,-9.732324
id_2788,-7.2232876
id_2789,-7.735548
id_2790,-8.711922
id_2791,-8.7842455
id_2792,-9.6098585
id_2793,-10.105259
id_2794,-11.340523
id_2795,-8.09022
id_2796,-9.9541445
id_2797,-12.943883
id_2798,-11.626755
id_2799,-10.251411
id_2800,-13.51083
id_2801,-13.075093
id_2802,-12.747253
id_2803,-5.6747046
id_2804,-12.279303
id_2805,-11.907125
id_2806,-9.760294
id_2807,-14.712777
id_2808,-10.603745
id_2809,-17.01908
id_2810,-10.022909
id_2811,-11.553104
id_2812,-7.210027
id_2813,-8.478742
id_2814,-10.524979
id_2815,-11.013824
id_2816,-9.398194
id_2817,-9.724195
id_2818,-7.5383644
id_2819,-10.82121
id_2820,-9.047728
id_2821,-8.111714
id_2822,-8.847235
id_2823,-8.883459
id_2824,-10.588732
id_2825,-11.72276
id_2826,-4.087963
id_2827,-9.508578
id_2828,-12.27454
id_2829,-7.9926605
id_2830,-10.811494
id_2831,-4.9256816
id_2832,-6.763837
id_2833,-12.590103
id_2834,-12.559879
id_2835,-7.5552874
id_2836,-11.0526085
id_2837,-8.700984
id_2838,-12.672192
id_2839,-13.406618
id_2840,-8.085353
id_2841,-8.801946
id_2842,-9.924172
id_2843,-11.832927
id_2844,-11.628626
id_2845,-2.1769872
id_2846,-12.002285
id_2847,-13.388979
id_2848,-7.7299585
id_2849,-12.826749
id_2850,0.4663744
id_2851,-0.21632004
id_2852,-0.840909
id_2853,-2.329402
id_2854,-2.6223154
id_2855,-2.4428582
id_2856,0.028609753
id_2857,-1.563982
id_2858,0.57859373
id_2859,0.47691488
id_2860,0.626554
id_2861,0.81447554
id_2862,-1.7695675
id_2863,3.3958013
id_2864,0.7649703
id_2865,5.3459177
id_2866,-4.230057
id_2867,0.5057616
id_2868,-2.138298
id_2869,-5.9265637
id_2870,-11.046646
id_2871,-11.649197
id_2872,-12.032406
id_2873,-9.895984
id_2874,-11.749262
id_2875,-9.662618
id_2876,-10.904772
id_2877,-13.274576
id_2878,-10.100798
id_2879,-6.801484
id_2880,-10.242109
id_2881,-9.313679
id_2882,-6.72499
id_2883,-11.719648
id_2884,-7.1380873
id_2885,-15.113625
id_2886,-7.696458
id_2887,-13.44221
id_2888,-3.1535478
id_2889,-0.4516859
id_2890,-1.6279199
id_2891,-1.6112676
id_2892,-2.6738548
id_2893,-1.2744436
id_2894,-1.6213386
id_2895,-0.56738305
id_2896,-1.8448071
id_2897,-0.4812553
id_2898,-1.3955085
id_2899,-0.6627464
id_2900,-3.3250513
id_2901,-0.44404793
id_2902,-0.39667654
id_2903,-0.76049113
id_2904,-3.8582473
id_2905,-0.9751899
id_2906,-2.6997995
id_2907,-6.7491174
id_2908,-5.923311
id_2909,-5.864161
id_2910,-3.255575
id_2911,-8.1931
id_2912,-7.196122
id_2913,-6.8772025
id_2914,-6.5809183
id_2915,-6.295225
id_2916,-6.1904325
id_2917,-5.104865
id_2918,-5.569596
id_2919,-7.096714
id_2920,-2.9316363
id_2921,-6.545885
id_2922,-3.6388497
id_2923,-10.305748
id_2924,-5.3027024
id_2925,-8.888608
id_2926,-4.327951
id_2927,-7.596316
id_2928,-6.5723195
id_2929,-9.23524
id_2930,-8.452372
id_2931,-4.918971
id_2932,-2.8827925
id_2933,-7.932099
id_2934,-8.8869
id_2935,-2.5190167
id_2936,-7.5500264
id_2937,-5.483541
id_2938,-11.6850815
id_2939,-5.624571
id_2940,-8.710691
id_2941,-4.7776203
id_2942,-9.26577
id_2943,-4.060265
id_2944,-6.6432486
id_2945,-5.813856
id_2946,-8.578428
id_2947,-7.9103847
id_2948,-2.5290923
id_2949,-9.393774
id_2950,-4.818095
id_2951,-10.115047
id_2952,-10.39881
id_2953,-5.94145
id_2954,-5.61777
id_2955,-7.8590016
id_2956,-9.331361
id_2957,-8.772347
id_2958,-3.4725103
id_2959,-9.76475
id_2960,-3.5914044
id_2961,-11.766998
id_2962,-3.0235467
id_2963,-9.903105
id_2964,-0.26351142
id_2965,-3.2554977
id_2966,-0.44217944
id_2967,-0.47992587
id_2968,-0.9174788
id_2969,-2.8576705
id_2970,-1.0472393
id_2971,-1.7758629
id_2972,-0.9754057
id_2973,-1.4907057
id_2974,-0.07928157
id_2975,-0.81348586
id_2976,-0.56683016
id_2977,-3.9590538
id_2978,-0.70974946
id_2979,-1.1671274
id_2980,-3.7746384
id_2981,-0.94435954
id_2982,-2.7631028
id_2983,-3.7364528
id_2984,-6.4927273
id_2985,-7.501908
id_2986,-3.9223025
id_2987,-5.110279
id_2988,-9.467808
id_2989,-6.658917
id_2990,-8.652768
id_2991,-8.371775
id_2992,-7.033251
id_2993,-6.6360626
id_2994,-3.3650093
id_2995,-7.609717
id_2996,-9.39581
id_2997,-2.111004
id_2998,-9.518576
id_2999,-11.369467
id_3000,-5.582449
id_3001,-8.898725
id_3002,-4.8675275
id_3003,-6.46192
id_3004,-8.675129
id_3005,-10.828548
id_3006,-8.021555
id_3007,-2.5242667
id_3008,-2.8470354
id_3009,-7.39775
id_3010,-11.469831
id_3011,-2.2413626
id_3012,-8.415113
id_3013,-6.7978487
id_3014,-8.515694
id_3015,-6.879716
id_3016,-9.770375
id_3017,-5.299526
id_3018,-5.5216575
id_3019,-2.7383497
id_3020,-4.00784
id_3021,-1.6076148
id_3022,-4.766055
id_3023,-1.6975143
id_3024,-2.4893546
id_3025,-1.7865064
id_3026,-5.0091124
id_3027,-4.484686
id_3028,-0.79180217
id_3029,-0.6300373
id_3030,-4.267709
id_3031,-3.5413272
id_3032,-1.3456843
id_3033,-0.2826147
id_3034,-6.277665
id_3035,-1.4881275
id_3036,-1.8563321
id_3037,-4.8459263
id_3038,-3.817415
id_3039,-3.0180166
id_3040,-3.533123
id_3041,-5.0705757
id_3042,-3.8378634
id_3043,-4.6748285
id_3044,-3.9949012
id_3045,-6.983129
id_3046,-4.7182784
id_3047,-2.631318
id_3048,-4.377822
id_3049,-4.046507
id_3050,-2.678378
id_3051,-2.2444015
id_3052,-7.5293784
id_3053,-2.729825
id_3054,-0.79055357
id_3055,-1.3569561
id_3056,-7.6766315
id_3057,-4.8591714
id_3058,-5.435131
id_3059,-7.5572357
id_3060,-10.279882
id_3061,-10.664794
id_3062,-11.486553
id_3063,-11.528971
id_3064,-4.811639
id_3065,-2.3982782
id_3066,-8.647449
id_3067,-11.921919
id_3068,-3.3209648
id_3069,-9.292351
id_3070,-8.065268
id_3071,-9.223228
id_3072,-8.892993
id_3073,-10.764938
id_3074,-6.431569
id_3075,-8.259538
id_3076,-3.7429924
id_3077,-6.706875
id_3078,-1.8460022
id_3079,-4.8213115
id_3080,-5.832979
id_3081,-6.4600472
id_3082,-5.3906045
id_3083,-3.173603
id_3084,-1.1667358
id_3085,-4.98257
id_3086,-7.127033
id_3087,-2.314446
id_3088,-5.398451
id_3089,-5.1774406
id_3090,-7.6641264
id_3091,-3.9537625
id_3092,-6.092854
id_3093,-2.3421693
id_3094,-5.1638546
id_3095,-0.1068306
id_3096,-3.8970795
id_3097,-1.8794667
id_3098,-3.1963406
id_3099,-2.6868916
id_3100,-2.1513023
id_3101,-2.7585588
id_3102,-0.4970919
id_3103,-1.6895272
id_3104,-2.291802
id_3105,-2.7475138
id_3106,-1.6915833
id_3107,0.8385303
id_3108,-1.9230057
id_3109,-1.7544352
id_3110,-4.941165
id_3111,-1.1450373
id_3112,-2.128234
id_3113,-3.9082918
id_3114,-1.5459391
id_3115,-2.6938167
id_3116,-5.7523293
id_3117,-8.009909
id_3118,-5.379895
id_3119,-4.7971745
id_3120,-9.170807
id_3121,-9.918501
id_3122,-6.5102396
id_3123,-6.218446
id_3124,-8.500309
id_3125,-8.326368
id_3126,-5.0589833
id_3127,-6.0111427
id_3128,-6.959873
id_3129,-4.966014
id_3130,-5.5748954
id_3131,-6.778326
id_3132,-9.761453
id_3133,-8.50206
id_3134,-8.909155
id_3135,-3.580577
id_3136,-6.840379
id_3137,0.56862926
id_3138,-3.0118852
id_3139,-8.192116
id_3140,-7.4230514
id_3141,-3.312214
id_3142,-1.7535086
id_3143,-7.0775905
id_3144,-7.294231
id_3145,-0.4675007
id_3146,-1.6743491
id_3147,-2.4806538
id_3148,-2.130384
id_3149,-3.3107991
id_3150,-2.6767168
id_3151,-8.548426
id_3152,-6.0446806
id_3153,-6.070402
id_3154,0.7785263
id_3155,-2.9698863
id_3156,-3.6238313
id_3157,-5.0536027
id_3158,-2.0327277
id_3159,-3.196916
id_3160,-0.50143623
id_3161,-4.46143
id_3162,-3.8198905
id_3163,-2.2482162
id_3164,-3.894692
id_3165,-3.6638408
id_3166,-3.3946996
id_3167,-2.0956378
id_3168,-3.9446216
id_3169,-0.9984195
id_3170,-5.058945
id_3171,0.90141845
id_3172,-4.481335
id_3173,-5.8586707
id_3174,-7.633038
id_3175,-10.50316
id_3176,-10.419762
id_3177,-7.943883
id_3178,-5.3176312
id_3179,-3.6335588
id_3180,-9.444896
id_3181,-10.039345
id_3182,-4.734855
id_3183,-9.183363
id_3184,-9.001579
id_3185,-8.3554325
id_3186,-7.734738
id_3187,-9.541188
id_3188,-6.458064
id_3189,-9.908428
id_3190,-3.1812022
id_3191,-8.940134
id_3192,-3.0418465
id_3193,-6.1500025
id_3194,-3.069136
id_3195,-4.570693
id_3196,-3.832507
id_3197,-7.6542997
id_3198,-5.6180162
id_3199,-4.551675
id_3200,-1.7712502
id_3201,-5.786788
id_3202,-5.138858
id_3203,-2.4881349
id_3204,-2.4421687
id_3205,-4.2135763
id_3206,0.39836305
id_3207,-2.9062498
id_3208,-8.5199
id_3209,-5.1345577
id_3210,-7.3034134
id_3211,2.2430472
id_3212,-3.7578058
id_3213,2.114233
id_3214,1.1520071
id_3215,0.12068033
id_3216,-2.0596871
id_3217,-1.2811894
id_3218,-0.7860732
id_3219,1.0367203
id_3220,-1.4582429
id_3221,0.1649661
id_3222,1.1426787
id_3223,3.1926017
id_3224,1.4554982
id_3225,-0.096824646
id_3226,1.160739
id_3227,-3.8362303
id_3228,0.23346329
id_3229,-2.5664463
id_3230,-6.00447
id_3231,-0.5702956
id_3232,-1.3983514
id_3233,-1.7392118
id_3234,-4.963421
id_3235,-4.268345
id_3236,-2.7389429
id_3237,-0.99100924
id_3238,-4.81227
id_3239,-3.6273758
id_3240,-1.8116572
id_3241,-0.7379277
id_3242,-1.1850097
id_3243,-0.42287087
id_3244,-1.9811866
id_3245,-0.94629025
id_3246,-5.621516
id_3247,-3.0237863
id_3248,-4.525013
id_3249,-4.400331
id_3250,-8.493404
id_3251,-8.539223
id_3252,-7.807121
id_3253,-5.0626535
id_3254,-10.550704
id_3255,-10.545433
id_3256,-8.219688
id_3257,-8.366083
id_3258,-10.061026
id_3259,-9.259171
id_3260,-5.896375
id_3261,-8.253033
id_3262,-8.562562
id_3263,-8.15795
id_3264,-6.103521
id_3265,-10.949501
id_3266,-9.266939
id_3267,-9.957189
id_3268,-7.220415
id_3269,-6.5531626
id_3270,-7.338138
id_3271,-9.628355
id_3272,-6.838836
id_3273,-9.482843
id_3274,-8.615706
id_3275,-4.4064064
id_3276,-2.1301546
id_3277,-7.9709444
id_3278,-7.905239
id_3279,-6.4137516
id_3280,-2.9722505
id_3281,-10.894619
id_3282,-5.6375957
id_3283,-5.7593246
id_3284,-7.974558
id_3285,-8.474267
id_3286,-7.09378
id_3287,-1.4601183
id_3288,-5.014468
id_3289,-1.8107946
id_3290,-2.7154934
id_3291,-2.8948052
id_3292,-5.944354
id_3293,-4.5568943
id_3294,-2.7722723
id_3295,-0.43080997
id_3296,-3.9921563
id_3297,-3.6158955
id_3298,-2.0107276
id_3299,-7.8148756
id_3300,-1.9368496
id_3301,-0.7724974
id_3302,-1.6190059
id_3303,-6.008094
id_3304,-4.0628595
id_3305,-5.6039047
id_3306,-4.445008
id_3307,-6.435748
id_3308,-2.790474
id_3309,-5.1082535
id_3310,-6.63141
id_3311,-6.690563
id_3312,-4.8114038
id_3313,-4.9370112
id_3314,-4.293844
id_3315,-4.6395407
id_3316,-3.554039
id_3317,-5.70446
id_3318,-8.117263
id_3319,-4.4948826
id_3320,-4.4688673
id_3321,-3.0321178
id_3322,-7.2724085
id_3323,-4.721698
id_3324,-6.2762604
id_3325,-7.664996
id_3326,-7.3667164
id_3327,-12.45587
id_3328,-14.385435
id_3329,-10.044724
id_3330,-2.2151203
id_3331,-4.646597
id_3332,-9.8147745
id_3333,-13.890033
id_3334,-3.914601
id_3335,-12.079913
id_3336,-9.263254
id_3337,-10.442921
id_3338,-9.500758
id_3339,-12.072407
id_3340,-9.15278
id_3341,-7.557716
id_3342,-5.0295696
id_3343,-7.711233
id_3344,-1.8897178
id_3345,-4.25205
id_3346,-2.711947
id_3347,-4.2791257
id_3348,-3.9308305
id_3349,-1.5682514
id_3350,-2.565556
id_3351,-1.6967921
id_3352,-0.9113095
id_3353,0.4296
id_3354,-2.2801833
id_3355,-1.4185274
id_3356,-8.22208
id_3357,-1.8660324
id_3358,-0.7729504
id_3359,-0.417902
id_3360,-2.7777386
id_3361,-0.9686613
id_3362,-2.4077487
id_3363,-1.3596804
id_3364,-5.953583
id_3365,-1.1745188
id_3366,-1.7606821
id_3367,-6.1152
id_3368,-5.5508575
id_3369,-2.9021866
id_3370,-2.8899217
id_3371,-5.587636
id_3372,-4.972872
id_3373,-1.7354157
id_3374,-1.8806376
id_3375,-6.9553547
id_3376,-1.2594631
id_3377,-2.877305
id_3378,-0.87015676
id_3379,-7.0460386
id_3380,-4.485138
id_3381,-5.196287
id_3382,-8.920547
id_3383,-8.582369
id_3384,-10.520564
id_3385,-8.992534
id_3386,-7.918174
id_3387,-6.870127
id_3388,-8.776905
id_3389,-9.226788
id_3390,-10.883892
id_3391,-7.843239
id_3392,-7.5351496
id_3393,-9.31568
id_3394,-9.647726
id_3395,-10.602938
id_3396,-8.537561
id_3397,-7.883539
id_3398,-9.478113
id_3399,-9.349287
id_3400,-8.198045
id_3401,-8.270552
id_3402,-8.546496
id_3403,-9.980526
id_3404,-11.422144
id_3405,-10.730931
id_3406,-5.694208
id_3407,-3.7768173
id_3408,-9.871919
id_3409,-9.777033
id_3410,-1.2388606
id_3411,-9.436211
id_3412,-7.5829296
id_3413,-10.593859
id_3414,-8.211423
id_3415,-9.25144
id_3416,-6.328268
id_3417,-10.709251
id_3418,-5.35546
id_3419,-10.071023
id_3420,0.24753618
id_3421,-0.97831774
id_3422,-2.8350148
id_3423,-1.2483783
id_3424,-1.5938954
id_3425,1.2484975
id_3426,-0.06231451
id_3427,3.0115063
id_3428,0.4501431
id_3429,1.1796033
id_3430,-0.2693572
id_3431,1.6042783
id_3432,-3.7701926
id_3433,0.44866943
id_3434,2.3158398
id_3435,1.2745659
id_3436,-3.4481807
id_3437,1.3537567
id_3438,-2.1532302
id_3439,-4.7311525
id_3440,-2.2422593
id_3441,-2.0375152
id_3442,-0.7967071
id_3443,-5.019802
id_3444,-5.130863
id_3445,-2.5412385
id_3446,-2.7748084
id_3447,-4.4770575
id_3448,-3.5757692
id_3449,-1.6727705
id_3450,-1.6946626
id_3451,-6.0932493
id_3452,-1.7530177
id_3453,-2.0840988
id_3454,-3.242429
id_3455,-6.550968
id_3456,-4.5581465
id_3457,-5.2019753
id_3458,-5.7429996
id_3459,-4.4071326
id_3460,-5.084148
id_3461,-4.518996
id_3462,-11.17296
id_3463,-8.693939
id_3464,-5.3078337
id_3465,-7.5502114
id_3466,-9.217621
id_3467,-9.439539
id_3468,1.5802732
id_3469,-6.047561
id_3470,-8.814003
id_3471,-2.6838646
id_3472,-8.877644
id_3473,-4.213797
id_3474,-12.636612
id_3475,-8.614082
id_3476,-8.03965
id_3477,-2.0831907
id_3478,-4.9158344
id_3479,-2.069074
id_3480,-4.147031
id_3481,-4.281399
id_3482,-6.509041
id_3483,-4.133239
id_3484,-4.076415
id_3485,-3.243049
id_3486,-4.3911953
id_3487,-2.7669308
id_3488,-0.18824577
id_3489,-4.0752916
id_3490,-1.7743604
id_3491,-1.2458842
id_3492,0.07944751
id_3493,-7.997323
id_3494,-3.4509346
id_3495,-6.460846
id_3496,-4.5720577
id_3497,-7.8451824
id_3498,-7.5373135
id_3499,-8.820487
id_3500,-6.8616996
id_3501,-6.493119
id_3502,-3.9118001
id_3503,-10.962563
id_3504,-9.737444
id_3505,-6.318316
id_3506,-7.2867155
id_3507,-7.5671296
id_3508,-9.746136
id_3509,-8.108599
id_3510,-6.603143
id_3511,-10.1539345
id_3512,-2.5979137
id_3513,-10.714472
id_3514,-9.772849
id_3515,-4.941717
id_3516,-6.2873325
id_3517,-6.193116
id_3518,-1.0929136
id_3519,-7.7370396
id_3520,-6.803605
id_3521,-8.368051
id_3522,-7.0744905
id_3523,-7.0897446
id_3524,-7.649544
id_3525,-5.3585987
id_3526,-7.9442377
id_3527,-5.6013813
id_3528,0.06853199
id_3529,-6.362157
id_3530,-2.7563028
id_3531,-9.343553
id_3532,-4.573248
id_3533,-8.470243
id_3534,-4.0164995
id_3535,-8.745252
id_3536,-4.85295
id_3537,-2.1815104
id_3538,-9.726552
id_3539,-9.152567
id_3540,-7.3988104
id_3541,-7.62984
id_3542,-9.394394
id_3543,-7.950877
id_3544,-5.270808
id_3545,-7.519302
id_3546,-9.760185
id_3547,-5.063012
id_3548,-8.089629
id_3549,-6.309003
id_3550,-10.711914
id_3551,-6.697376
id_3552,-8.66926
id_3553,-3.0483608
id_3554,-8.268936
id_3555,-4.605817
id_3556,-5.1593237
id_3557,-4.8813434
id_3558,-8.4219265
id_3559,-7.0074387
id_3560,-7.0204873
id_3561,-5.42114
id_3562,-7.556448
id_3563,-5.5463777
id_3564,-5.46033
id_3565,-5.237491
id_3566,-3.800627
id_3567,-6.21249
id_3568,-4.90077
id_3569,-10.379574
id_3570,-5.7334356
id_3571,-8.7852545
id_3572,-4.3703966
id_3573,-5.247904
id_3574,-6.039039
id_3575,-7.773637
id_3576,-5.2504654
id_3577,-6.0540433
id_3578,-4.177881
id_3579,-5.513892
id_3580,-5.268791
id_3581,-3.2176907
id_3582,-3.8820353
id_3583,-4.397826
id_3584,-8.965403
id_3585,-3.8377285
id_3586,-3.4050207
id_3587,-3.1054273
id_3588,-8.607342
id_3589,-4.4267764
id_3590,-7.3208547
id_3591,-8.293391
id_3592,-9.50738
id_3593,-11.657238
id_3594,-11.714119
id_3595,-9.813272
id_3596,-3.6128478
id_3597,-2.181157
id_3598,-9.900156
id_3599,-10.912347
id_3600,-3.8737228
id_3601,-9.900061
id_3602,-9.186354
id_3603,-8.385038
id_3604,-8.703124
id_3605,-9.895571
id_3606,-8.056157
id_3607,-9.496967
id_3608,-5.44743
id_3609,-8.191913
id_3610,-5.75333
id_3611,-7.2820873
id_3612,-8.163581
id_3613,-8.640871
id_3614,-6.054004
id_3615,-8.367218
id_3616,-6.492736
id_3617,-4.9284396
id_3618,-2.971464
id_3619,-7.5729094
id_3620,-7.013916
id_3621,-6.231697
id_3622,-5.9293275
id_3623,-4.9287605
id_3624,-5.498694
id_3625,-6.4815063
id_3626,-7.962775
id_3627,-7.1299243
id_3628,-7.63698
id_3629,0.5836096
id_3630,-4.755862
id_3631,-3.301471
id_3632,-3.8420799
id_3633,-1.3828869
id_3634,-4.9023705
id_3635,-5.681842
id_3636,-4.5147524
id_3637,-4.0926857
id_3638,-5.5405626
id_3639,-5.5679884
id_3640,-3.3640049
id_3641,-4.0256147
id_3642,-3.9343412
id_3643,-4.015335
id_3644,-2.5782099
id_3645,-6.3728285
id_3646,-3.9893873
id_3647,-5.1765423
id_3648,-3.4205425
id_3649,-0.6406653
id_3650,-1.0131853
id_3651,0.7618753
id_3652,-2.8577502
id_3653,-2.2762754
id_3654,-2.1781094
id_3655,-0.99932885
id_3656,-2.6720994
id_3657,-1.4806392
id_3658,-0.848058
id_3659,-0.7026403
id_3660,-1.3158152
id_3661,-0.3178718
id_3662,-1.5172846
id_3663,-0.70138335
id_3664,-3.9453986
id_3665,-0.9598162
id_3666,-3.2435343
id_3667,-5.3534327
id_3668,-7.0945473
id_3669,-10.299687
id_3670,-11.388502
id_3671,-8.378696
id_3672,-3.1125433
id_3673,-4.3327246
id_3674,-9.700836
id_3675,-10.028702
id_3676,-2.9997504
id_3677,-9.2929535
id_3678,-8.757261
id_3679,-8.152517
id_3680,-7.5576515
id_3681,-9.81197
id_3682,-5.8466086
id_3683,-8.234566
id_3684,-3.1541622
id_3685,-6.909348
id_3686,-6.4126773
id_3687,-10.493336
id_3688,-6.916125
id_3689,-6.294028
id_3690,-5.052269
id_3691,-10.197948
id_3692,-9.86071
id_3693,-8.027436
id_3694,-7.6351385
id_3695,-10.104321
id_3696,-7.889867
id_3697,-7.184631
id_3698,-7.360299
id_3699,-5.5367064
id_3700,-7.933488
id_3701,-7.003024
id_3702,-11.9812975
id_3703,-8.708592
id_3704,-10.409082
id_3705,-5.9437766
id_3706,0.15755892
id_3707,-0.46137166
id_3708,-2.036168
id_3709,-4.2593584
id_3710,-3.078868
id_3711,-2.7148342
id_3712,0.12945485
id_3713,-3.9427376
id_3714,-2.7332506
id_3715,-1.4886019
id_3716,-0.97520065
id_3717,-1.6126976
id_3718,-0.5727489
id_3719,-1.7920191
id_3720,-1.1890912
id_3721,-6.2555065
id_3722,-1.9732294
id_3723,-4.3533115
id_3724,-5.2657113
id_3725,-8.203444
id_3726,-2.9001045
id_3727,-1.724998
id_3728,-8.251667
id_3729,-8.638477
id_3730,-4.5889816
id_3731,-4.3208227
id_3732,-8.8303175
id_3733,-8.487671
id_3734,-2.5839825
id_3735,-4.326188
id_3736,-5.6920643
id_3737,-3.6539702
id_3738,-5.177651
id_3739,-4.9021187
id_3740,-8.902493
id_3741,-7.7678895
id_3742,-7.084218
id_3743,-5.974339
id_3744,-6.0947843
id_3745,-9.080245
id_3746,-10.135464
id_3747,-6.631916
id_3748,-4.944252
id_3749,-7.7203903
id_3750,-7.035967
id_3751,-8.851521
id_3752,-7.846186
id_3753,-7.304066
id_3754,-8.556672
id_3755,-7.839232
id_3756,-10.959212
id_3757,-5.862922
id_3758,-6.8693542
id_3759,-5.768502
id_3760,-6.662362
id_3761,-4.700237
id_3762,2.066673
id_3763,0.18735266
id_3764,1.2374806
id_3765,0.7340131
id_3766,1.4523354
id_3767,2.0693378
id_3768,2.8168645
id_3769,4.921049
id_3770,0.616765
id_3771,1.5192752
id_3772,3.0235612
id_3773,3.1430395
id_3774,1.8549595
id_3775,3.1153312
id_3776,4.245227
id_3777,3.6582854
id_3778,-1.8026819
id_3779,2.2832603
id_3780,0.24356651
id_3781,-3.8100972
id_3782,-3.940403
id_3783,-7.7990932
id_3784,-8.272669
id_3785,-6.3120756
id_3786,-2.7108085
id_3787,-7.322028
id_3788,-8.258749
id_3789,-1.9636197
id_3790,-1.1429036
id_3791,-6.1530924
id_3792,-6.4635844
id_3793,-6.6704636
id_3794,-4.8203874
id_3795,-7.94592
id_3796,-3.5614433
id_3797,-7.14727
id_3798,-0.23474938
id_3799,-5.3132696
id_3800,-5.0568676
id_3801,-6.1360316
id_3802,-6.164199
id_3803,-1.1158967
id_3804,-5.275597
id_3805,-4.7206764
id_3806,-6.159111
id_3807,-4.9171944
id_3808,-5.0422163
id_3809,-4.146438
id_3810,-5.9488935
id_3811,-6.2474446
id_3812,-5.401875
id_3813,-2.869281
id_3814,-4.4915705
id_3815,-4.025632
id_3816,-6.1476436
id_3817,-4.4270334
id_3818,-5.631596
id_3819,-8.807202
id_3820,-11.063665
id_3821,-3.5106711
id_3822,-7.0458817
id_3823,-13.031471
id_3824,-12.868187
id_3825,-8.398106
id_3826,-11.936118
id_3827,-13.853768
id_3828,-13.8436985
id_3829,-6.461854
id_3830,-10.542552
id_3831,-14.737949
id_3832,-9.196804
id_3833,-13.951026
id_3834,-10.497588
id_3835,-15.544218
id_3836,-10.277226
id_3837,-10.775005
id_3838,-6.839375
id_3839,-9.526121
id_3840,-8.265991
id_3841,-10.411638
id_3842,-7.339389
id_3843,-9.425234
id_3844,-7.484195
id_3845,-7.3260856
id_3846,-7.852865
id_3847,-7.003362
id_3848,-8.026839
id_3849,-6.384416
id_3850,-9.014436
id_3851,-7.646216
id_3852,-1.5676622
id_3853,-7.5104804
id_3854,-9.45164
id_3855,-7.0540047
id_3856,-9.339054
id_3857,-5.995868
id_3858,-8.2341385
id_3859,-10.559996
id_3860,-9.761839
id_3861,-8.49144
id_3862,-9.878481
id_3863,-7.031588
id_3864,-10.570177
id_3865,-10.2682
id_3866,-8.166733
id_3867,-8.653698
id_3868,-6.516994
id_3869,-9.8343525
id_3870,-6.3226094
id_3871,-10.469933
id_3872,1.8558742
id_3873,-12.534737
id_3874,-8.052032
id_3875,-10.600857
id_3876,-10.982907
id_3877,-12.819456
id_3878,-12.60194
id_3879,-11.923178
id_3880,-15.575871
id_3881,-15.972021
id_3882,-15.16567
id_3883,-13.999982
id_3884,-16.049477
id_3885,-16.357288
id_3886,-13.157491
id_3887,-15.348334
id_3888,-18.38401
id_3889,-11.70446
id_3890,-12.562911
id_3891,-14.337177
id_3892,-14.727092
id_3893,-13.569635
id_3894,-15.438393
id_3895,-8.114199
id_3896,-6.1766524
id_3897,-7.694767
id_3898,-3.4220328
id_3899,-7.9362464
id_3900,-7.6998606
id_3901,-8.116766
id_3902,-7.615302
id_3903,-7.58465
id_3904,-7.971994
id_3905,-6.4326515
id_3906,-7.2556767
id_3907,-8.248386
id_3908,-2.1476903
id_3909,-7.222684
id_3910,-2.6724086
id_3911,-9.1427765
id_3912,-5.4287806
id_3913,-8.348755
id_3914,-3.7361894
id_3915,-7.2132835
id_3916,-6.8026366
id_3917,-6.9764256
id_3918,-8.30532
id_3919,-8.578705
id_3920,-9.2909775
id_3921,-8.933001
id_3922,-8.61636
id_3923,-7.9964623
id_3924,-7.1207495
id_3925,-7.677404
id_3926,-7.9785466
id_3927,-5.504286
id_3928,-7.541517
id_3929,-7.2337112
id_3930,-9.19541
id_3931,-7.224365
id_3932,-8.750436
id_3933,-0.5103631
id_3934,-5.0434456
id_3935,0.048489332
id_3936,0.2524233
id_3937,-3.6960359
id_3938,-3.2672944
id_3939,-3.890108
id_3940,-2.5517693
id_3941,-3.2285929
id_3942,-2.5548506
id_3943,-1.9381089
id_3944,-2.7069988
id_3945,-2.6189919
id_3946,-0.9527192
id_3947,-3.626574
id_3948,-1.8152332
id_3949,-5.20971
id_3950,-2.3844986
id_3951,-3.9728637
id_3952,-6.064595
id_3953,-8.822472
id_3954,-9.069125
id_3955,-8.552628
id_3956,-9.821293
id_3957,-8.821839
id_3958,-9.16885
id_3959,-9.179144
id_3960,-8.120411
id_3961,-8.985193
id_3962,-6.722919
id_3963,-8.904585
id_3964,-12.91482
id_3965,-6.3551435
id_3966,-6.9500856
id_3967,-8.339055
id_3968,-9.799255
id_3969,-8.566864
id_3970,-10.156281
id_3971,-1.7007407
id_3972,-3.9409811
id_3973,-7.825485
id_3974,-9.425806
id_3975,-4.6191907
id_3976,-7.9587154
id_3977,-4.5608473
id_3978,-8.061838
id_3979,-6.4239445
id_3980,-5.607483
id_3981,-6.3919606
id_3982,-4.579436
id_3983,-7.0840263
id_3984,-9.871046
id_3985,-5.402856
id_3986,-1.9697825
id_3987,-9.344806
id_3988,-2.5782297
id_3989,-7.894743
id_3990,-9.817183
id_3991,-7.686889
id_3992,-12.511385
id_3993,-13.930067
id_3994,-9.355909
id_3995,-12.887865
id_3996,-11.117602
id_3997,-7.219986
id_3998,-7.3007526
id_3999,-11.240967
id_4000,-10.91526
id_4001,-10.668702
id_4002,-7.759944
id_4003,-10.872799
id_4004,-10.055662
id_4005,-10.325947
id_4006,-9.988884
id_4007,-10.720002
id_4008,-11.015419
id_4009,-2.4956832
id_4010,-5.1961308
id_4011,-9.030626
id_4012,-9.177158
id_4013,-8.862225
id_4014,-7.4459133
id_4015,-9.655663
id_4016,-10.8190155
id_4017,-7.96201
id_4018,-7.270998
id_4019,-6.1352
id_4020,-9.138264
id_4021,-11.834934
id_4022,-2.7013955
id_4023,-9.837025
id_4024,-6.3196783
id_4025,-10.877314
id_4026,-6.3539953
id_4027,-9.864056
id_4028,-7.234616
id_4029,-8.6675005
id_4030,-8.306388
id_4031,-6.711175
id_4032,-9.909722
id_4033,-6.9513636
id_4034,-10.23806
id_4035,-11.29761
id_4036,-5.4773026
id_4037,-4.4918613
id_4038,-8.124714
id_4039,-10.015556
id_4040,-10.920303
id_4041,-8.611474
id_4042,-12.494741
id_4043,-6.7144523
id_4044,-11.353292
id_4045,-2.9189181
id_4046,-9.42159
id_4047,-1.9936591
id_4048,-6.8661036
id_4049,-10.191812
id_4050,-9.09906
id_4051,-6.268633
id_4052,-6.350258
id_4053,-10.978501
id_4054,-11.660571
id_4055,-5.090244
id_4056,-5.062079
id_4057,-8.069639
id_4058,-10.981993
id_4059,-9.268433
id_4060,-5.962486
id_4061,-11.625564
id_4062,-3.0628476
id_4063,-11.035185
id_4064,0.22409105
id_4065,-9.702151
id_4066,-7.4293103
id_4067,-9.246876
id_4068,-10.093623
id_4069,-3.3920279
id_4070,-9.763302
id_4071,-7.408537
id_4072,-10.915426
id_4073,-11.841745
id_4074,-7.8766637
id_4075,-7.671676
id_4076,-9.7289295
id_4077,-10.037383
id_4078,-7.95818
id_4079,-4.919847
id_4080,-11.435988
id_4081,-5.221195
id_4082,-11.51029
id_4083,-4.6731486
id_4084,-10.623703
id_4085,-3.1184952
id_4086,-6.247967
id_4087,-7.3419514
id_4088,-2.7325413
id_4089,-2.9141395
id_4090,-0.08416557
id_4091,-5.4407263
id_4092,-4.7198544
id_4093,-1.3809073
id_4094,-0.71772385
id_4095,-5.015086
id_4096,-4.65528
id_4097,-7.5545673
id_4098,-3.395847
id_4099,-4.638771
id_4100,-1.8092637
id_4101,-4.2749815
id_4102,0.88056344
id_4103,-4.2881355
id_4104,-3.3237884
id_4105,-4.555971
id_4106,-3.7161133
id_4107,-4.485651
id_4108,-5.642874
id_4109,-1.5584741
id_4110,-0.7715092
id_4111,-2.6137834
id_4112,-2.288037
id_4113,-2.518779
id_4114,-3.4574206
id_4115,-2.658245
id_4116,-4.518256
id_4117,-3.4476082
id_4118,-1.7800574
id_4119,-1.7294028
id_4120,-2.164971
id_4121,-1.355645
id_4122,-1.4745848
id_4123,-1.0240521
id_4124,-2.7750947
id_4125,-2.2593362
id_4126,-2.762143
id_4127,-2.1020343
id_4128,-2.907993
id_4129,-1.2778223
id_4130,-0.8382907
id_4131,-2.3929393
id_4132,-0.4941492
id_4133,-0.88393545
id_4134,-0.9841778
id_4135,-1.6931112
id_4136,-0.08539295
id_4137,-0.07240009
id_4138,-0.2773192
id_4139,2.358046
id_4140,-2.5468156
id_4141,-1.3352101
id_4142,-3.0631514
id_4143,-7.8299437
id_4144,-4.073394
id_4145,-4.7165284
id_4146,-5.2849393
id_4147,-6.1109686
id_4148,-5.5058994
id_4149,-5.1446066
id_4150,-3.4460964
id_4151,-6.3629003
id_4152,-4.1149263
id_4153,-5.0177536
id_4154,-4.211884
id_4155,-3.8558567
id_4156,-4.4823217
id_4157,-4.5646334
id_4158,-7.6312213
id_4159,-5.363475
id_4160,-6.3081546
id_4161,-1.5457909
id_4162,-6.702568
id_4163,-1.5163591
id_4164,-2.5405955
id_4165,-4.754752
id_4166,-3.887536
id_4167,-3.4093566
id_4168,-1.9379683
id_4169,-4.898928
id_4170,-3.3221884
id_4171,-1.2573233
id_4172,-2.2751741
id_4173,-2.0464253
id_4174,-2.286407
id_4175,-3.5257978
id_4176,-2.7708843
id_4177,-6.8484964
id_4178,-3.1966195
id_4179,-4.2726626
id_4180,-3.3798947
id_4181,-6.5942264
id_4182,-3.2615056
id_4183,-2.8873935
id_4184,-6.572223
id_4185,-6.0096793
id_4186,-3.8513012
id_4187,-2.6692345
id_4188,-6.0464277
id_4189,-5.06637
id_4190,-2.4097652
id_4191,-3.059434
id_4192,-5.040167
id_4193,-3.6612558
id_4194,-3.70259
id_4195,-4.665679
id_4196,-7.820466
id_4197,-5.500479
id_4198,-6.138096
id_4199,-2.6189466
id_4200,-6.164727
id_4201,-3.3597515
id_4202,-4.622779
id_4203,-4.3630466
id_4204,-5.1466684
id_4205,-3.4424245
id_4206,-1.9532721
id_4207,-3.7206962
id_4208,-3.1694582
id_4209,-2.6739886
id_4210,-1.3951204
id_4211,-5.2776394
id_4212,-2.358333
id_4213,-1.2010863
id_4214,-1.8248372
id_4215,-6.3603745
id_4216,-2.7833354
id_4217,-4.4441137
id_4218,-1.2802116
id_4219,-6.23857
id_4220,-3.5019145
id_4221,-3.851108
id_4222,-2.8790412
id_4223,-4.7166424
id_4224,-3.0949445
id_4225,-3.9051862
id_4226,-2.2373533
id_4227,-4.0899725
id_4228,-2.4495173
id_4229,-3.2603273
id_4230,-2.7989702
id_4231,-2.1578436
id_4232,-2.4230785
id_4233,-2.3901553
id_4234,-6.5108614
id_4235,-2.6546102
id_4236,-5.385646
id_4237,0.60199237
id_4238,-2.8074293
id_4239,-0.34904194
id_4240,-1.3201547
id_4241,-1.6009371
id_4242,-3.1858134
id_4243,-2.2532191
id_4244,-1.4260805
id_4245,-1.005851
id_4246,-2.4050136
id_4247,-1.1684656
id_4248,-1.4789956
id_4249,-0.2635696
id_4250,0.88132524
id_4251,-0.19504547
id_4252,-0.9455738
id_4253,-3.6226888
id_4254,-1.0772371
id_4255,-2.3454685
id_4256,-4.763693
id_4257,-6.495365
id_4258,-5.454358
id_4259,-6.945457
id_4260,-5.2082825
id_4261,-5.011449
id_4262,-4.9193573
id_4263,-1.8007755
id_4264,-2.1342814
id_4265,-5.1286693
id_4266,-3.4677482
id_4267,-4.7830687
id_4268,-2.8455424
id_4269,-6.3560677
id_4270,-4.1360097
id_4271,-4.348555
id_4272,-5.6379247
id_4273,-4.584816
id_4274,-4.1874857
id_4275,-2.3407502
id_4276,-5.948304
id_4277,-8.932685
id_4278,-10.216008
id_4279,-6.366303
id_4280,-3.994574
id_4281,-8.465846
id_4282,-10.159838
id_4283,-2.7062035
id_4284,-0.012077808
id_4285,-8.0016165
id_4286,-7.1129704
id_4287,-4.7878375
id_4288,-5.037888
id_4289,-9.007778
id_4290,-3.425376
id_4291,-8.053423
id_4292,-0.24385881
id_4293,-6.7898226
id_4294,-1.535714
id_4295,-4.7743287
id_4296,-9.4680805
id_4297,-10.62181
id_4298,-4.480453
id_4299,-2.4264307
id_4300,-0.15583658
id_4301,-7.916983
id_4302,-9.363359
id_4303,-1.2282113
id_4304,0.8722091
id_4305,-7.584391
id_4306,-7.2152085
id_4307,-8.080017
id_4308,-5.0579433
id_4309,-8.651747
id_4310,-3.8262324
id_4311,-6.8507457
id_4312,-5.794666
id_4313,0.06384516
id_4314,-3.2268865
id_4315,-9.225108
id_4316,-10.959474
id_4317,-4.5232973
id_4318,-7.0748186
id_4319,-2.952295
id_4320,-11.227562
id_4321,-12.67334
id_4322,-4.367115
id_4323,-3.8893106
id_4324,-7.455925
id_4325,-9.219347
id_4326,-10.667976
id_4327,-1.979507
id_4328,-11.530527
id_4329,-1.2319908
id_4330,-10.428673
id_4331,-9.630418
id_4332,1.3467218
id_4333,-2.0493712
id_4334,-7.65228
id_4335,-8.0365505
id_4336,-1.5211854
id_4337,-2.4727511
id_4338,-7.46751
id_4339,-10.069111
id_4340,-2.4430532
id_4341,-1.3692694
id_4342,-4.9755855
id_4343,-7.5532255
id_4344,-8.380451
id_4345,-1.5515351
id_4346,-8.640959
id_4347,-1.5297923
id_4348,-7.0936613
id_4349,1.0514785
id_4350,-5.7079086
id_4351,-9.376147
id_4352,-6.595372
id_4353,-11.447308
id_4354,-9.60953
id_4355,-10.75971
id_4356,-4.7407274
id_4357,-9.167192
id_4358,-5.9546475
id_4359,-12.380838
id_4360,-7.56502
id_4361,-5.4702168
id_4362,-7.737079
id_4363,-9.214483
id_4364,-13.917225
id_4365,-8.918669
id_4366,-11.3440895
id_4367,-10.083723
id_4368,-8.18388
id_4369,-9.364184
id_4370,-0.7873182
id_4371,-2.1110673
id_4372,-2.5594726
id_4373,-5.5103726
id_4374,-5.124397
id_4375,-0.5063853
id_4376,1.2242532
id_4377,-3.431149
id_4378,-7.495435
id_4379,-0.047006607
id_4380,3.4350915
id_4381,-3.7045932
id_4382,-2.8317833
id_4383,-7.3042665
id_4384,-2.0538921
id_4385,-6.697124
id_4386,-4.9657454
id_4387,2.3288288
id_4388,-2.605485
id_4389,-2.6399093
id_4390,-5.1173115
id_4391,-5.799597
id_4392,-6.4926
id_4393,-5.5939617
id_4394,-5.6045623
id_4395,-3.7837768
id_4396,-5.5804396
id_4397,-3.6948023
id_4398,-4.777082
id_4399,-4.497898
id_4400,-3.899826
id_4401,-4.9194016
id_4402,-7.6791363
id_4403,-2.69449
id_4404,-4.829103
id_4405,-7.760711
id_4406,-3.3130918
id_4407,-5.849125
id_4408,-3.8836539
id_4409,-7.134508
id_4410,-1.9662225
id_4411,-2.4260867
id_4412,-5.867058
id_4413,-7.201354
id_4414,-4.6487226
id_4415,-4.5943956
id_4416,-6.274911
id_4417,-5.1816797
id_4418,-3.5812192
id_4419,-3.6375623
id_4420,-9.198078
id_4421,-4.1916842
id_4422,-5.0678096
id_4423,-5.6631174
id_4424,-6.8691897
id_4425,-6.287369
id_4426,-5.37116
id_4427,-1.7596898
id_4428,-5.22231
id_4429,-3.9966004
id_4430,-5.11878
id_4431,-3.566274
id_4432,-5.3870068
id_4433,-4.172838
id_4434,-4.222142
id_4435,-4.3279486
id_4436,-4.178259
id_4437,-3.8853238
id_4438,-4.308563
id_4439,-3.3677075
id_4440,-4.826413
id_4441,-5.3014708
id_4442,-0.5893688
id_4443,-6.979697
id_4444,-3.259573
id_4445,-5.2485027
id_4446,0.33576155
id_4447,-4.993161
id_4448,0.1057744
id_4449,-0.07328844
id_4450,-1.716156
id_4451,-2.8137608
id_4452,-0.8642578
id_4453,-1.6191645
id_4454,0.75191224
id_4455,-1.8671012
id_4456,-0.39979434
id_4457,-0.25175762
id_4458,-0.9426079
id_4459,-0.17567253
id_4460,-1.3505774
id_4461,0.51555634
id_4462,-4.870961
id_4463,-0.5473454
id_4464,-3.3002586
id_4465,-6.002488
id_4466,-3.14333
id_4467,-3.7984457
id_4468,-1.9465667
id_4469,-4.761364
id_4470,-2.5286255
id_4471,-4.370948
id_4472,-3.19382
id_4473,-2.826263
id_4474,-1.706962
id_4475,-3.6770897
id_4476,-2.9182053
id_4477,-3.169156
id_4478,-2.2778635
id_4479,-3.8730507
id_4480,-2.1293101
id_4481,-6.504927
id_4482,-1.7460281
id_4483,-5.2235727
id_4484,-1.8085651
id_4485,-5.414593
id_4486,-2.233202
id_4487,-0.77136993
id_4488,-0.81598186
id_4489,-5.1538925
id_4490,-4.37647
id_4491,-4.113786
id_4492,-2.7475252
id_4493,-4.7303567
id_4494,-3.3731084
id_4495,-0.8600545
id_4496,-3.2450075
id_4497,-0.95166206
id_4498,1.008285
id_4499,-3.6440406
id_4500,-6.9996285
id_4501,-3.5714664
id_4502,-5.856603
id_4503,-1.46246
id_4504,-6.499908
id_4505,-2.8719869
id_4506,-3.0768256
id_4507,-3.870213
id_4508,0.066560745
id_4509,-0.19749165
id_4510,-3.6324716
id_4511,-3.9147325
id_4512,1.3473232
id_4513,-2.303082
id_4514,-2.4200044
id_4515,-2.478015
id_4516,-2.8049893
id_4517,-4.5213733
id_4518,-2.5836654
id_4519,-5.3362813
id_4520,-1.0884378
id_4521,-2.6826615
id_4522,0.66672015
id_4523,-7.863432
id_4524,0.114610195
id_4525,-1.6930186
id_4526,-4.9827013
id_4527,-3.1374454
id_4528,-3.5127134
id_4529,-1.7562844
id_4530,-4.0918546
id_4531,-2.8593574
id_4532,-2.039215
id_4533,-1.2918266
id_4534,-0.43431628
id_4535,-1.0802885
id_4536,-3.2658024
id_4537,-1.033372
id_4538,-7.3662615
id_4539,-1.8766137
id_4540,-5.4914827
id_4541,-2.1532106
id_4542,-9.319944
id_4543,-1.1015282
id_4544,-3.5861497
id_4545,-5.318368
id_4546,-4.7683687
id_4547,-4.639977
id_4548,-4.0606914
id_4549,-5.2415543
id_4550,-4.8383017
id_4551,-3.9657807
id_4552,-2.4102926
id_4553,-6.5690002
id_4554,-3.792714
id_4555,-5.6734495
id_4556,-3.2482471
id_4557,-6.156611
id_4558,-3.4685335
id_4559,-4.7109294
id_4560,-6.2805614
id_4561,-6.836794
id_4562,-8.130416
id_4563,-7.365778
id_4564,-6.6410427
id_4565,-8.186065
id_4566,-6.92786
id_4567,-5.638891
id_4568,-4.184346
id_4569,-7.4203863
id_4570,-6.3839474
id_4571,-5.197294
id_4572,-4.8358207
id_4573,-8.2867
id_4574,-6.711412
id_4575,-6.748107
id_4576,-7.619148
id_4577,-6.703558
id_4578,-7.99929
id_4579,-3.8259182
id_4580,-7.5415807
id_4581,-1.107985
id_4582,-1.6497947
id_4583,-4.2599397
id_4584,-8.003855
id_4585,-6.4587336
id_4586,-4.131191
id_4587,-4.123377
id_4588,-6.244722
id_4589,-6.265592
id_4590,-3.1187038
id_4591,-6.342584
id_4592,-3.085095
id_4593,-4.9898214
id_4594,-3.7934985
id_4595,-9.017233
id_4596,-5.752248
id_4597,-7.048527
id_4598,-0.50341177
id_4599,-5.891478
id_4600,-1.7400137
id_4601,-3.0135221
id_4602,-3.1345544
id_4603,-5.648409
id_4604,-3.2372966
id_4605,-2.522512
id_4606,-0.2591288
id_4607,-3.9830208
id_4608,-2.1798143
id_4609,-2.6098728
id_4610,-0.33124113
id_4611,-5.1256003
id_4612,-2.368857
id_4613,-2.0173845
id_4614,-6.2179465
id_4615,-2.856237
id_4616,-5.318751
id_4617,1.950484
id_4618,-1.5257492
id_4619,-1.8823428
id_4620,-2.4539356
id_4621,-0.3202529
id_4622,-0.4601369
id_4623,1.0849743
id_4624,-0.5277834
id_4625,0.45838332
id_4626,0.60775423
id_4627,1.8380663
id_4628,-1.1817293
id_4629,-0.96014786
id_4630,-0.27629614
id_4631,1.1213727
id_4632,0.69752264
id_4633,-1.5553074
id_4634,1.3327718
id_4635,-1.3793402
id_4636,-4.8852816
id_4637,-6.1163087
id_4638,-7.3202615
id_4639,-7.724899
id_4640,-8.562683
id_4641,-3.2602654
id_4642,-2.155426
id_4643,-9.3880625
id_4644,-2.865448
id_4645,-0.49931145
id_4646,-4.8979874
id_4647,-4.1600676
id_4648,-8.858799
id_4649,-6.2395267
id_4650,-7.426988
id_4651,-4.585639
id_4652,-6.814543
id_4653,-1.2593328
id_4654,-5.06977
id_4655,-6.678372
id_4656,-6.9568124
id_4657,-8.033041
id_4658,-1.9564562
id_4659,-9.63519
id_4660,-7.877501
id_4661,-7.14998
id_4662,-6.420391
id_4663,-7.6465483
id_4664,-8.423744
id_4665,-5.871822
id_4666,-4.8992634
id_4667,-8.836433
id_4668,-2.3889623
id_4669,-4.5273333
id_4670,-4.690776
id_4671,-10.732567
id_4672,-5.7522774
id_4673,-10.240443
id_4674,0.4293357
id_4675,-4.115546
id_4676,-0.62933874
id_4677,-1.5629921
id_4678,-2.7602181
id_4679,-1.3944674
id_4680,-2.3823829
id_4681,-1.3056338
id_4682,-1.4925098
id_4683,-0.25076294
id_4684,-1.7267628
id_4685,-0.44812155
id_4686,-4.3696795
id_4687,-0.6671343
id_4688,-1.2325397
id_4689,-0.39866877
id_4690,-3.7725706
id_4691,-1.1310043
id_4692,-3.4713264
id_4693,-1.7067316
id_4694,-5.539023
id_4695,-8.546317
id_4696,-8.850016
id_4697,-5.7073855
id_4698,-2.2972894
id_4699,-7.360184
id_4700,-8.451441
id_4701,-2.5469203
id_4702,-0.7053266
id_4703,-7.872955
id_4704,-7.7912545
id_4705,-8.357221
id_4706,-5.1585474
id_4707,-7.3324323
id_4708,-2.9687042
id_4709,-6.1275496
id_4710,-0.5024186
id_4711,-5.4923716
id_4712,-1.7047448
id_4713,-6.5272274
id_4714,-9.065066
id_4715,-8.187345
id_4716,-10.524334
id_4717,-9.228382
id_4718,-11.094783
id_4719,-12.095271
id_4720,-9.006379
id_4721,-10.224931
id_4722,-7.012539
id_4723,-11.181931
id_4724,-10.055981
id_4725,-3.4571786
id_4726,-10.452103
id_4727,-4.0890684
id_4728,-11.903173
id_4729,-6.8663893
id_4730,-11.653373
id_4731,-4.2627296
id_4732,-1.3978269
id_4733,-3.4570816
id_4734,-2.674285
id_4735,-4.5321035
id_4736,-3.088507
id_4737,-2.16293
id_4738,-1.5931551
id_4739,-3.3336475
id_4740,-1.9294698
id_4741,-2.211353
id_4742,-0.52553105
id_4743,-5.594453
id_4744,-1.5055764
id_4745,-0.6762552
id_4746,-1.2495682
id_4747,-5.1192236
id_4748,-2.645136
id_4749,-4.0420246
id_4750,1.526098
id_4751,-2.2387369
id_4752,0.3078444
id_4753,-1.0887885
id_4754,-1.0464444
id_4755,-1.1082923
id_4756,0.33344674
id_4757,-1.8194311
id_4758,-2.3565896
id_4759,-0.56441593
id_4760,0.9017911
id_4761,-2.1316245
id_4762,-1.2250135
id_4763,-5.1329355
id_4764,-2.237188
id_4765,1.0472054
id_4766,-2.2860758
id_4767,0.4852562
id_4768,-1.184809
id_4769,-2.8474312
id_4770,-5.739536
id_4771,-7.6296983
id_4772,-9.172585
id_4773,-7.1865125
id_4774,-2.2077727
id_4775,-0.27511978
id_4776,-6.94158
id_4777,-8.188828
id_4778,-2.0852337
id_4779,-8.279059
id_4780,-7.257666
id_4781,-9.764416
id_4782,-5.96861
id_4783,-6.9485526
id_4784,-3.9394612
id_4785,-5.2279735
id_4786,-0.5396719
id_4787,-4.512019
id_4788,-0.3862157
id_4789,-2.6865118
id_4790,-3.6500971
id_4791,-4.7804165
id_4792,-3.4696615
id_4793,-1.2958078
id_4794,-3.7052648
id_4795,-4.3678503
id_4796,-0.57965446
id_4797,0.37904096
id_4798,-3.1184986
id_4799,-3.0358055
id_4800,-5.601959
id_4801,-1.3869729
id_4802,-3.2881935
id_4803,-1.6661079
id_4804,-2.763233
id_4805,0.31423903
id_4806,-2.4883034
